{"type":"FeatureCollection","features":[{"type":"Feature","properties":{"n":"Obrero","l":10,"c":[-25.3042,-57.6382]},"geometry":{"type":"MultiPolygon","coordinates":[[[[-57.6507,-25.3033],[-57.6353,-25.3121],[-57.6331,-25.313],[-57.6309,-25.3125],[-57.6325,-25.302],[-57.6322,-25.2993],[-57.6344,-25.2991],[-57.644,-25.2934],[-57.6507,-25.3033]]]]}},{"type":"Feature","properties":{"n":"General Díaz","l":10,"c":[-25.2941,-57.6368]},"geometry":{"type":"MultiPolygon","coordinates":[[[[-57.644,-25.2934],[-57.6344,-25.2991],[-57.6321,-25.2994],[-57.6317,-25.2953],[-57.6348,-25.2934],[-57.6333,-25.2912],[-57.64,-25.2874],[-57.644,-25.2934]]]]}},{"type":"Feature","properties":{"n":"Tacumbú","l":10,"c":[-25.3038,-57.6617]},"geometry":{"type":"MultiPolygon","coordinates":[[[[-57.6704,-25.3118],[-57.6642,-25.313],[-57.6618,-25.3116],[-57.6589,-25.3119],[-57.6548,-25.309],[-57.6525,-25.305],[-57.652,-25.3052],[-57.6415,-25.2896],[-57.647,-25.2864],[-57.6557,-25.2986],[-57.6591,-25.3005],[-57.6614,-25.2987],[-57.663,-25.2997],[-57.6638,-25.2995],[-57.6667,-25.3021],[-57.6683,-25.3029],[-57.669,-25.3027],[-57.6688,-25.302],[-57.6701,-25.3019],[-57.67,-25.3044],[-57.669,-25.3058],[-57.6697,-25.3113],[-57.6704,-25.3118]]]]}},{"type":"Feature","properties":{"n":"Itá Enramada","l":10,"c":[-25.3565,-57.6401]},"geometry":{"type":"MultiPolygon","coordinates":[[[[-57.6468,-25.3585],[-57.6462,-25.3599],[-57.6468,-25.361],[-57.6441,-25.3634],[-57.6357,-25.3687],[-57.6354,-25.3675],[-57.6386,-25.3654],[-57.6377,-25.3622],[-57.6369,-25.3623],[-57.6367,-25.3551],[-57.6359,-25.355],[-57.6361,-25.3537],[-57.6365,-25.3536],[-57.6353,-25.3494],[-57.6364,-25.3491],[-57.6346,-25.3427],[-57.6404,-25.3433],[-57.644,-25.3447],[-57.6447,-25.3548],[-57.6455,-25.3576],[-57.6468,-25.3585]]]]}},{"type":"Feature","properties":{"n":"Pinozá","l":10,"c":[-25.3049,-57.6163]},"geometry":{"type":"MultiPolygon","coordinates":[[[[-57.6218,-25.2993],[-57.6189,-25.3068],[-57.6147,-25.3095],[-57.6114,-25.3132],[-57.6076,-25.3049],[-57.6181,-25.3015],[-57.6218,-25.2993]]]]}},{"type":"Feature","properties":{"n":"Cañada del Ybyray","l":10,"c":[-25.2705,-57.578]},"geometry":{"type":"MultiPolygon","coordinates":[[[[-57.5845,-25.2727],[-57.577,-25.2745],[-57.5767,-25.2735],[-57.5756,-25.2729],[-57.5769,-25.2718],[-57.5745,-25.2692],[-57.5749,-25.2687],[-57.5742,-25.2682],[-57.581,-25.2609],[-57.5845,-25.2727]]]]}},{"type":"Feature","properties":{"n":"Recoleta","l":10,"c":[-25.2953,-57.5939]},"geometry":{"type":"MultiPolygon","coordinates":[[[[-57.6013,-25.2953],[-57.6003,-25.2961],[-57.5992,-25.2953],[-57.5929,-25.2968],[-57.5947,-25.303],[-57.5935,-25.3032],[-57.5845,-25.3076],[-57.5771,-25.2953],[-57.5895,-25.2899],[-57.5887,-25.2865],[-57.595,-25.2872],[-57.597,-25.2913],[-57.5989,-25.2917],[-57.6013,-25.2953]]]]}},{"type":"Feature","properties":{"n":"Vista Alegre","l":10,"c":[-25.3184,-57.607]},"geometry":{"type":"MultiPolygon","coordinates":[[[[-57.6126,-25.3159],[-57.6112,-25.3167],[-57.6115,-25.3174],[-57.6079,-25.3183],[-57.6094,-25.3223],[-57.6079,-25.3208],[-57.6045,-25.3237],[-57.6055,-25.3248],[-57.6031,-25.3265],[-57.601,-25.324],[-57.5963,-25.3086],[-57.6076,-25.3049],[-57.6126,-25.3159]]]]}},{"type":"Feature","properties":{"n":"Nazareth","l":10,"c":[-25.3206,-57.598]},"geometry":{"type":"MultiPolygon","coordinates":[[[[-57.6023,-25.3256],[-57.599,-25.328],[-57.5871,-25.3119],[-57.5963,-25.3086],[-57.601,-25.324],[-57.6023,-25.3256]]]]}},{"type":"Feature","properties":{"n":"Hipódromo","l":10,"c":[-25.3215,-57.5882]},"geometry":{"type":"MultiPolygon","coordinates":[[[[-57.5949,-25.3227],[-57.5914,-25.3248],[-57.5866,-25.3304],[-57.5741,-25.3164],[-57.5871,-25.3119],[-57.5949,-25.3227]]]]}},{"type":"Feature","properties":{"n":"San Pablo","l":10,"c":[-25.3348,-57.5851]},"geometry":{"type":"MultiPolygon","coordinates":[[[[-57.5905,-25.3389],[-57.5895,-25.3405],[-57.5885,-25.34],[-57.5862,-25.3414],[-57.5845,-25.3388],[-57.5604,-25.3202],[-57.5742,-25.3164],[-57.59,-25.3343],[-57.5892,-25.3349],[-57.5898,-25.3351],[-57.5881,-25.338],[-57.5905,-25.3389]]]]}},{"type":"Feature","properties":{"n":"Tembetary","l":10,"c":[-25.3071,-57.5921]},"geometry":{"type":"MultiPolygon","coordinates":[[[[-57.5963,-25.3086],[-57.5871,-25.3119],[-57.5845,-25.3076],[-57.5935,-25.3032],[-57.5947,-25.303],[-57.5963,-25.3086]]]]}},{"type":"Feature","properties":{"n":"Los Laureles","l":10,"c":[-25.3102,-57.58]},"geometry":{"type":"MultiPolygon","coordinates":[[[[-57.5871,-25.3119],[-57.5741,-25.3164],[-57.5698,-25.3112],[-57.5791,-25.3078],[-57.58,-25.3067],[-57.5831,-25.3052],[-57.5871,-25.3119]]]]}},{"type":"Feature","properties":{"n":"Santa Ana","l":10,"c":[-25.3163,-57.6609]},"geometry":{"type":"MultiPolygon","coordinates":[[[[-57.6709,-25.3135],[-57.6699,-25.3171],[-57.6672,-25.3216],[-57.664,-25.3218],[-57.6612,-25.3216],[-57.6612,-25.3205],[-57.6581,-25.3182],[-57.6548,-25.32],[-57.6507,-25.3187],[-57.6491,-25.319],[-57.6462,-25.314],[-57.6548,-25.309],[-57.659,-25.3119],[-57.6618,-25.3116],[-57.6645,-25.313],[-57.6704,-25.3118],[-57.6709,-25.3135]]]]}},{"type":"Feature","properties":{"n":"Roberto Luis Pettit","l":10,"c":[-25.3119,-57.6408]},"geometry":{"type":"MultiPolygon","coordinates":[[[[-57.6548,-25.309],[-57.6387,-25.3182],[-57.6384,-25.3173],[-57.6367,-25.3162],[-57.6359,-25.3147],[-57.6351,-25.315],[-57.634,-25.314],[-57.6328,-25.3138],[-57.6323,-25.3143],[-57.6307,-25.3136],[-57.6309,-25.3125],[-57.6331,-25.313],[-57.6353,-25.3121],[-57.6507,-25.3033],[-57.652,-25.3052],[-57.6525,-25.305],[-57.6548,-25.3083],[-57.6548,-25.309]]]]}},{"type":"Feature","properties":{"n":"Republicano","l":10,"c":[-25.3201,-57.6361]},"geometry":{"type":"MultiPolygon","coordinates":[[[[-57.6431,-25.3211],[-57.6419,-25.3245],[-57.6379,-25.3229],[-57.6352,-25.3231],[-57.6336,-25.3234],[-57.6335,-25.3252],[-57.6346,-25.3269],[-57.6306,-25.3274],[-57.6273,-25.3267],[-57.6307,-25.3136],[-57.6323,-25.3143],[-57.6328,-25.3138],[-57.634,-25.314],[-57.6351,-25.315],[-57.6359,-25.3147],[-57.6365,-25.3159],[-57.6387,-25.3179],[-57.6372,-25.3191],[-57.6412,-25.3207],[-57.6422,-25.3204],[-57.6431,-25.3211]]]]}},{"type":"Feature","properties":{"n":"San Vicente","l":10,"c":[-25.3164,-57.6211]},"geometry":{"type":"MultiPolygon","coordinates":[[[[-57.6319,-25.3064],[-57.6309,-25.3125],[-57.626,-25.3316],[-57.6233,-25.3281],[-57.6215,-25.3278],[-57.6212,-25.3273],[-57.6213,-25.3261],[-57.62,-25.325],[-57.6216,-25.3235],[-57.6193,-25.3197],[-57.6197,-25.3192],[-57.6181,-25.3176],[-57.616,-25.3137],[-57.6146,-25.3125],[-57.6122,-25.3149],[-57.6114,-25.3132],[-57.6147,-25.3095],[-57.6189,-25.3068],[-57.6199,-25.3041],[-57.6235,-25.3086],[-57.6271,-25.3064],[-57.6319,-25.3064]]]]}},{"type":"Feature","properties":{"n":"San Roque","l":10,"c":[-25.29,-57.6275]},"geometry":{"type":"MultiPolygon","coordinates":[[[[-57.6348,-25.2934],[-57.6318,-25.2952],[-57.6302,-25.293],[-57.6285,-25.2939],[-57.6262,-25.2908],[-57.6239,-25.2958],[-57.6191,-25.2895],[-57.6235,-25.287],[-57.6221,-25.2851],[-57.6269,-25.2839],[-57.6275,-25.2847],[-57.6284,-25.2842],[-57.6348,-25.2934]]]]}},{"type":"Feature","properties":{"n":"Mburicaó","l":10,"c":[-25.2983,-57.6012]},"geometry":{"type":"MultiPolygon","coordinates":[[[[-57.6076,-25.3049],[-57.5963,-25.3086],[-57.5929,-25.2968],[-57.5992,-25.2953],[-57.6003,-25.2961],[-57.6013,-25.2953],[-57.5989,-25.2917],[-57.6033,-25.2925],[-57.6044,-25.2971],[-57.6076,-25.3049]]]]}},{"type":"Feature","properties":{"n":"Bernardino Caballero","l":10,"c":[-25.299,-57.6091]},"geometry":{"type":"MultiPolygon","coordinates":[[[[-57.614,-25.3029],[-57.6076,-25.3049],[-57.6044,-25.2971],[-57.6033,-25.2925],[-57.6112,-25.2939],[-57.614,-25.3029]]]]}},{"type":"Feature","properties":{"n":"Ciudad Nueva","l":10,"c":[-25.297,-57.6188]},"geometry":{"type":"MultiPolygon","coordinates":[[[[-57.6239,-25.2958],[-57.6216,-25.2995],[-57.6181,-25.3015],[-57.614,-25.3029],[-57.6112,-25.2939],[-57.6191,-25.2895],[-57.6239,-25.2958]]]]}},{"type":"Feature","properties":{"n":"Pettirossi","l":10,"c":[-25.3003,-57.6277]},"geometry":{"type":"MultiPolygon","coordinates":[[[[-57.6325,-25.3018],[-57.6319,-25.3064],[-57.6271,-25.3064],[-57.6235,-25.3086],[-57.6199,-25.3041],[-57.6207,-25.3016],[-57.6262,-25.2908],[-57.6285,-25.2939],[-57.6302,-25.293],[-57.6318,-25.2952],[-57.6325,-25.3018]]]]}},{"type":"Feature","properties":{"n":"Mariscal López","l":10,"c":[-25.2871,-57.604]},"geometry":{"type":"MultiPolygon","coordinates":[[[[-57.6112,-25.2939],[-57.597,-25.2913],[-57.5951,-25.2877],[-57.5945,-25.2823],[-57.6006,-25.2815],[-57.6056,-25.2831],[-57.606,-25.285],[-57.6096,-25.2844],[-57.6095,-25.2875],[-57.6112,-25.2939]]]]}},{"type":"Feature","properties":{"n":"Jara","l":10,"c":[-25.2718,-57.6053]},"geometry":{"type":"MultiPolygon","coordinates":[[[[-57.6114,-25.272],[-57.6099,-25.2741],[-57.6096,-25.2844],[-57.606,-25.285],[-57.6056,-25.2831],[-57.6007,-25.2815],[-57.5971,-25.2666],[-57.6008,-25.2629],[-57.6006,-25.2639],[-57.6012,-25.265],[-57.6028,-25.2654],[-57.6048,-25.2667],[-57.6062,-25.2683],[-57.6077,-25.2687],[-57.6084,-25.2698],[-57.6114,-25.272]]]]}},{"type":"Feature","properties":{"n":"Las Mercedes","l":10,"c":[-25.2803,-57.6147]},"geometry":{"type":"MultiPolygon","coordinates":[[[[-57.6191,-25.2895],[-57.6112,-25.2939],[-57.6095,-25.2875],[-57.6099,-25.2741],[-57.6118,-25.2712],[-57.6133,-25.2699],[-57.6141,-25.2699],[-57.6187,-25.2756],[-57.6176,-25.2763],[-57.6158,-25.2799],[-57.6167,-25.2862],[-57.6191,-25.2895]]]]}},{"type":"Feature","properties":{"n":"Santa María","l":10,"c":[-25.3034,-57.5511]},"geometry":{"type":"MultiPolygon","coordinates":[[[[-57.5536,-25.3094],[-57.5521,-25.3089],[-57.5452,-25.2987],[-57.5502,-25.2932],[-57.5522,-25.301],[-57.5536,-25.3094]]]]}},{"type":"Feature","properties":{"n":"Villa Aurelia","l":10,"c":[-25.3123,-57.562]},"geometry":{"type":"MultiPolygon","coordinates":[[[[-57.5741,-25.3164],[-57.5604,-25.3202],[-57.5558,-25.3136],[-57.5537,-25.3097],[-57.5532,-25.3075],[-57.5625,-25.3024],[-57.5741,-25.3164]]]]}},{"type":"Feature","properties":{"n":"Mariscal Estigarribia","l":10,"c":[-25.304,-57.5755]},"geometry":{"type":"MultiPolygon","coordinates":[[[[-57.5831,-25.3052],[-57.58,-25.3067],[-57.5791,-25.3078],[-57.5698,-25.3112],[-57.5625,-25.3024],[-57.5697,-25.2984],[-57.5771,-25.2953],[-57.5831,-25.3052]]]]}},{"type":"Feature","properties":{"n":"Luis Alberto de Herrera","l":10,"c":[-25.2996,-57.5572]},"geometry":{"type":"MultiPolygon","coordinates":[[[[-57.5629,-25.3022],[-57.5532,-25.3075],[-57.5502,-25.2932],[-57.557,-25.293],[-57.5629,-25.3022]]]]}},{"type":"Feature","properties":{"n":"San Cristóbal","l":10,"c":[-25.2952,-57.5686]},"geometry":{"type":"MultiPolygon","coordinates":[[[[-57.5771,-25.2953],[-57.5697,-25.2984],[-57.5629,-25.3022],[-57.557,-25.293],[-57.5627,-25.2928],[-57.5737,-25.2897],[-57.5771,-25.2953]]]]}},{"type":"Feature","properties":{"n":"Manorá","l":10,"c":[-25.2832,-57.5737]},"geometry":{"type":"MultiPolygon","coordinates":[[[[-57.5805,-25.2839],[-57.5802,-25.2851],[-57.5783,-25.2851],[-57.5719,-25.2865],[-57.5673,-25.284],[-57.5639,-25.2834],[-57.5639,-25.282],[-57.5709,-25.281],[-57.5712,-25.282],[-57.5759,-25.2813],[-57.5794,-25.2801],[-57.5805,-25.2839]]]]}},{"type":"Feature","properties":{"n":"Ycuá Satí","l":10,"c":[-25.288,-57.5645]},"geometry":{"type":"MultiPolygon","coordinates":[[[[-57.5737,-25.2897],[-57.5627,-25.2928],[-57.5502,-25.2932],[-57.5555,-25.2881],[-57.5608,-25.2847],[-57.5644,-25.2835],[-57.5673,-25.284],[-57.5719,-25.2865],[-57.5737,-25.2897]]]]}},{"type":"Feature","properties":{"n":"Villa Morra","l":10,"c":[-25.288,-57.5827]},"geometry":{"type":"MultiPolygon","coordinates":[[[[-57.5897,-25.2897],[-57.5771,-25.2953],[-57.5719,-25.2865],[-57.5786,-25.285],[-57.5823,-25.2853],[-57.5839,-25.286],[-57.5887,-25.2865],[-57.5897,-25.2897]]]]}},{"type":"Feature","properties":{"n":"San Jorge","l":10,"c":[-25.2834,-57.5577]},"geometry":{"type":"MultiPolygon","coordinates":[[[[-57.5644,-25.2835],[-57.5608,-25.2847],[-57.5555,-25.2881],[-57.5502,-25.2932],[-57.5451,-25.2753],[-57.5558,-25.2785],[-57.5601,-25.2808],[-57.5626,-25.2829],[-57.5644,-25.2835]]]]}},{"type":"Feature","properties":{"n":"Ytay","l":10,"c":[-25.2862,-57.5433]},"geometry":{"type":"MultiPolygon","coordinates":[[[[-57.5502,-25.2932],[-57.5452,-25.2987],[-57.5432,-25.2962],[-57.5438,-25.2938],[-57.5419,-25.2919],[-57.5421,-25.2913],[-57.5412,-25.2863],[-57.5405,-25.2854],[-57.5413,-25.2843],[-57.5406,-25.2813],[-57.5414,-25.2801],[-57.5413,-25.2778],[-57.5424,-25.2766],[-57.5426,-25.2743],[-57.5451,-25.2753],[-57.5502,-25.2932]]]]}},{"type":"Feature","properties":{"n":"Lambaré","l":8,"c":[-25.3425,-57.6173]},"geometry":{"type":"MultiPolygon","coordinates":[[[[-57.643,-25.3812],[-57.6146,-25.3901],[-57.5862,-25.3414],[-57.5969,-25.3285],[-57.6094,-25.3223],[-57.6079,-25.3183],[-57.6146,-25.3125],[-57.6214,-25.3277],[-57.634,-25.3381],[-57.6386,-25.3654],[-57.6354,-25.3675],[-57.643,-25.3812]]]]}},{"type":"Feature","properties":{"n":"Terminal","l":10,"c":[-25.3301,-57.5942]},"geometry":{"type":"MultiPolygon","coordinates":[[[[-57.599,-25.328],[-57.5975,-25.3291],[-57.5969,-25.3285],[-57.5962,-25.3291],[-57.5956,-25.3299],[-57.5962,-25.3303],[-57.5944,-25.3328],[-57.5935,-25.3323],[-57.5919,-25.3357],[-57.5892,-25.3349],[-57.59,-25.3343],[-57.5866,-25.3304],[-57.5914,-25.3248],[-57.5949,-25.3227],[-57.599,-25.328]]]]}},{"type":"Feature","properties":{"n":"Villa Elisa","l":8,"c":[-25.3752,-57.582]},"geometry":{"type":"MultiPolygon","coordinates":[[[[-57.6146,-25.3901],[-57.5976,-25.4007],[-57.5724,-25.3927],[-57.5668,-25.361],[-57.585,-25.3394],[-57.6146,-25.3901]]]]}},{"type":"Feature","properties":{"n":"Ñu Guazú","l":10,"c":[-25.2652,-57.5434]},"geometry":{"type":"MultiPolygon","coordinates":[[[[-57.5492,-25.257],[-57.545,-25.2753],[-57.5426,-25.2743],[-57.5425,-25.272],[-57.5417,-25.2699],[-57.5364,-25.261],[-57.5359,-25.2593],[-57.5492,-25.257]]]]}},{"type":"Feature","properties":{"n":"Loma Pytá","l":10,"c":[-25.2518,-57.5436]},"geometry":{"type":"MultiPolygon","coordinates":[[[[-57.5665,-25.2565],[-57.5505,-25.2569],[-57.5359,-25.2593],[-57.5336,-25.2531],[-57.5337,-25.2504],[-57.5326,-25.2495],[-57.5323,-25.2486],[-57.5309,-25.2483],[-57.5432,-25.2408],[-57.5535,-25.2502],[-57.5665,-25.2565]]]]}},{"type":"Feature","properties":{"n":"San Blas","l":10,"c":[-25.242,-57.5329]},"geometry":{"type":"MultiPolygon","coordinates":[[[[-57.5432,-25.2408],[-57.5309,-25.2483],[-57.5303,-25.2469],[-57.5289,-25.2466],[-57.5287,-25.2455],[-57.5274,-25.2445],[-57.5253,-25.2445],[-57.5249,-25.2432],[-57.525,-25.2426],[-57.5269,-25.2422],[-57.5336,-25.2389],[-57.5379,-25.236],[-57.5389,-25.237],[-57.5399,-25.2362],[-57.5413,-25.2387],[-57.5432,-25.2408]]]]}},{"type":"Feature","properties":{"n":"Fernando de la Mora","l":8,"c":[-25.3256,-57.5454]},"geometry":{"type":"MultiPolygon","coordinates":[[[[-57.585,-25.3394],[-57.5702,-25.3558],[-57.5518,-25.3569],[-57.5401,-25.3324],[-57.5275,-25.3338],[-57.528,-25.3247],[-57.5165,-25.3199],[-57.5419,-25.2917],[-57.5602,-25.3201],[-57.585,-25.3394]]]]}},{"type":"Feature","properties":{"n":"Virgen del Huerto","l":10,"c":[-25.2751,-57.597]},"geometry":{"type":"MultiPolygon","coordinates":[[[[-57.6007,-25.2815],[-57.5945,-25.2823],[-57.593,-25.2676],[-57.5954,-25.2681],[-57.5978,-25.2698],[-57.6007,-25.2815]]]]}},{"type":"Feature","properties":{"n":"Bella Vista","l":10,"c":[-25.2766,-57.5903]},"geometry":{"type":"MultiPolygon","coordinates":[[[[-57.595,-25.2872],[-57.5887,-25.2865],[-57.584,-25.2709],[-57.5865,-25.2674],[-57.5897,-25.2691],[-57.593,-25.2676],[-57.595,-25.2872]]]]}},{"type":"Feature","properties":{"n":"Santo Domingo","l":10,"c":[-25.2821,-57.5827]},"geometry":{"type":"MultiPolygon","coordinates":[[[[-57.5887,-25.2865],[-57.5839,-25.286],[-57.5823,-25.2853],[-57.5802,-25.2851],[-57.5805,-25.2837],[-57.579,-25.2788],[-57.5765,-25.2747],[-57.5845,-25.2727],[-57.5887,-25.2865]]]]}},{"type":"Feature","properties":{"n":"Las Lomas","l":10,"c":[-25.2768,-57.5725]},"geometry":{"type":"MultiPolygon","coordinates":[[[[-57.5794,-25.2801],[-57.5759,-25.2813],[-57.5712,-25.282],[-57.5709,-25.281],[-57.5639,-25.282],[-57.5639,-25.2834],[-57.5623,-25.2827],[-57.56,-25.2807],[-57.5627,-25.2783],[-57.57,-25.2734],[-57.5742,-25.2682],[-57.5749,-25.2687],[-57.5745,-25.2692],[-57.5769,-25.2718],[-57.5756,-25.2729],[-57.5767,-25.2735],[-57.577,-25.2745],[-57.5765,-25.2747],[-57.5767,-25.2755],[-57.5789,-25.2785],[-57.5794,-25.2801]]]]}},{"type":"Feature","properties":{"n":"Virgen de la Asunción","l":10,"c":[-25.2667,-57.5907]},"geometry":{"type":"MultiPolygon","coordinates":[[[[-57.5978,-25.2698],[-57.5946,-25.2679],[-57.5929,-25.2676],[-57.5897,-25.2691],[-57.5865,-25.2674],[-57.584,-25.2709],[-57.581,-25.2609],[-57.5849,-25.257],[-57.5973,-25.2662],[-57.5978,-25.2698]]]]}},{"type":"Feature","properties":{"n":"Virgen de Fátima","l":10,"c":[-25.2572,-57.5932]},"geometry":{"type":"MultiPolygon","coordinates":[[[[-57.5971,-25.2564],[-57.5938,-25.2581],[-57.5932,-25.2598],[-57.594,-25.2605],[-57.5922,-25.2624],[-57.5849,-25.257],[-57.5912,-25.25],[-57.5953,-25.2539],[-57.5971,-25.2564]]]]}},{"type":"Feature","properties":{"n":"Santa Rosa","l":10,"c":[-25.2507,-57.5864]},"geometry":{"type":"MultiPolygon","coordinates":[[[[-57.5912,-25.25],[-57.5849,-25.257],[-57.5791,-25.2527],[-57.5805,-25.2509],[-57.5865,-25.2472],[-57.5886,-25.2491],[-57.5896,-25.2485],[-57.5912,-25.25]]]]}},{"type":"Feature","properties":{"n":"Tablada Nueva","l":10,"c":[-25.2562,-57.5993]},"geometry":{"type":"MultiPolygon","coordinates":[[[[-57.6091,-25.2514],[-57.6008,-25.2629],[-57.5974,-25.2662],[-57.5922,-25.2624],[-57.594,-25.2605],[-57.5932,-25.2598],[-57.5938,-25.2581],[-57.5971,-25.2564],[-57.5989,-25.2483],[-57.6004,-25.2467],[-57.6061,-25.2502],[-57.6091,-25.2514]]]]}},{"type":"Feature","properties":{"n":"Zeballos Cué","l":10,"c":[-25.2339,-57.5651]},"geometry":{"type":"MultiPolygon","coordinates":[[[[-57.58,-25.2315],[-57.5786,-25.2321],[-57.5773,-25.2338],[-57.5767,-25.2358],[-57.5754,-25.2348],[-57.564,-25.2386],[-57.5555,-25.243],[-57.5548,-25.2419],[-57.5522,-25.2427],[-57.5479,-25.2393],[-57.5473,-25.2399],[-57.5452,-25.2344],[-57.5509,-25.2324],[-57.5644,-25.2255],[-57.5656,-25.2256],[-57.5697,-25.2243],[-57.5739,-25.2265],[-57.5775,-25.2307],[-57.58,-25.2315]]]]}},{"type":"Feature","properties":{"n":"Ricardo Brugada","l":10,"c":[-25.2798,-57.6258]},"geometry":{"type":"MultiPolygon","coordinates":[[[[-57.6345,-25.2787],[-57.6311,-25.2804],[-57.6272,-25.2808],[-57.6292,-25.2837],[-57.6275,-25.2847],[-57.6269,-25.2839],[-57.6221,-25.2851],[-57.6235,-25.287],[-57.6191,-25.2895],[-57.6167,-25.2862],[-57.6158,-25.2799],[-57.6176,-25.2763],[-57.6187,-25.2756],[-57.6201,-25.2763],[-57.6256,-25.2759],[-57.6277,-25.2754],[-57.6279,-25.2747],[-57.6279,-25.2752],[-57.6288,-25.2751],[-57.6314,-25.2761],[-57.6336,-25.2757],[-57.6345,-25.2787]]]]}},{"type":"Feature","properties":{"n":"La Encarnación","l":10,"c":[-25.2807,-57.6387]},"geometry":{"type":"MultiPolygon","coordinates":[[[[-57.647,-25.2864],[-57.6415,-25.2896],[-57.6368,-25.2827],[-57.6347,-25.2805],[-57.6353,-25.2799],[-57.6346,-25.2793],[-57.6336,-25.2757],[-57.6355,-25.275],[-57.6398,-25.276],[-57.6397,-25.2766],[-57.647,-25.2864]]]]}},{"type":"Feature","properties":{"n":"La Catedral","l":10,"c":[-25.2834,-57.6337]},"geometry":{"type":"MultiPolygon","coordinates":[[[[-57.64,-25.2874],[-57.6333,-25.2912],[-57.6284,-25.2842],[-57.6292,-25.2837],[-57.6272,-25.2808],[-57.6311,-25.2804],[-57.6345,-25.2787],[-57.6353,-25.2799],[-57.6347,-25.2805],[-57.6368,-25.2827],[-57.64,-25.2874]]]]}},{"type":"Feature","properties":{"n":"Santísima Trinidad","l":10,"c":[-25.2579,-57.5788]},"geometry":{"type":"MultiPolygon","coordinates":[[[[-57.5849,-25.257],[-57.5792,-25.2627],[-57.5754,-25.2599],[-57.5694,-25.2578],[-57.5791,-25.2527],[-57.5849,-25.257]]]]}},{"type":"Feature","properties":{"n":"Salvador del Mundo","l":10,"c":[-25.2736,-57.5508]},"geometry":{"type":"MultiPolygon","coordinates":[[[[-57.5561,-25.2786],[-57.5451,-25.2753],[-57.5462,-25.2699],[-57.5492,-25.2683],[-57.5502,-25.2713],[-57.5528,-25.2729],[-57.5561,-25.2786]]]]}},{"type":"Feature","properties":{"n":"Itá Pytã Punta","l":10,"c":[-25.284,-57.6639]},"geometry":{"type":"MultiPolygon","coordinates":[[[[-57.6672,-25.2844],[-57.6664,-25.2884],[-57.6615,-25.2876],[-57.6622,-25.2842],[-57.6613,-25.284],[-57.6617,-25.2823],[-57.6626,-25.2824],[-57.6633,-25.2801],[-57.666,-25.2819],[-57.6672,-25.2844]]]]}},{"type":"Feature","properties":{"n":"Mariano Roque Alonso","l":8,"c":[-25.1942,-57.5181]},"geometry":{"type":"MultiPolygon","coordinates":[[[[-57.5773,-25.2188],[-57.574,-25.2243],[-57.525,-25.2426],[-57.5153,-25.2175],[-57.4995,-25.2035],[-57.5011,-25.1867],[-57.5061,-25.1829],[-57.5012,-25.1615],[-57.5161,-25.1537],[-57.529,-25.1605],[-57.5308,-25.1756],[-57.5468,-25.1841],[-57.5773,-25.2188]]]]}},{"type":"Feature","properties":{"n":"Madame Lynch","l":10,"c":[-25.2738,-57.5583]},"geometry":{"type":"MultiPolygon","coordinates":[[[[-57.5674,-25.2754],[-57.5627,-25.2783],[-57.56,-25.2807],[-57.5561,-25.2786],[-57.5528,-25.2729],[-57.5502,-25.2713],[-57.5492,-25.2683],[-57.5589,-25.263],[-57.5674,-25.2754]]]]}},{"type":"Feature","properties":{"n":"Mbocayaty","l":10,"c":[-25.2602,-57.5596]},"geometry":{"type":"MultiPolygon","coordinates":[[[[-57.5685,-25.2575],[-57.5462,-25.2699],[-57.5492,-25.257],[-57.5663,-25.2565],[-57.5685,-25.2575]]]]}},{"type":"Feature","properties":{"n":"Mburucuyá","l":10,"c":[-25.2649,-57.5712]},"geometry":{"type":"MultiPolygon","coordinates":[[[[-57.5792,-25.2627],[-57.57,-25.2734],[-57.5674,-25.2754],[-57.5589,-25.263],[-57.5685,-25.2575],[-57.5754,-25.2599],[-57.5792,-25.2627]]]]}},{"type":"Feature","properties":{"n":"Limpio","l":8,"c":[-25.1628,-57.4597]},"geometry":{"type":"MultiPolygon","coordinates":[[[[-57.5468,-25.1841],[-57.5308,-25.1756],[-57.529,-25.1605],[-57.5161,-25.1537],[-57.509,-25.1556],[-57.5086,-25.1602],[-57.5006,-25.1629],[-57.5053,-25.1677],[-57.5061,-25.1829],[-57.5011,-25.1867],[-57.4979,-25.2068],[-57.4911,-25.2133],[-57.4796,-25.2127],[-57.4739,-25.2209],[-57.4487,-25.2128],[-57.4487,-25.2064],[-57.436,-25.1925],[-57.426,-25.1895],[-57.415,-25.1967],[-57.4093,-25.1832],[-57.3978,-25.1772],[-57.4012,-25.1739],[-57.3965,-25.1682],[-57.4065,-25.1703],[-57.4125,-25.1614],[-57.4085,-25.1538],[-57.4264,-25.1503],[-57.429,-25.1425],[-57.4343,-25.1443],[-57.4342,-25.1382],[-57.4288,-25.1392],[-57.4315,-25.1348],[-57.4263,-25.1332],[-57.4325,-25.1339],[-57.4385,-25.127],[-57.4427,-25.1322],[-57.4475,-25.1232],[-57.4508,-25.1271],[-57.475,-25.1138],[-57.4803,-25.1023],[-57.5011,-25.096],[-57.5156,-25.101],[-57.5331,-25.1193],[-57.5432,-25.1488],[-57.5372,-25.1646],[-57.5468,-25.1841]]]]}},{"type":"Feature","properties":{"n":"Areguá","l":8,"c":[-25.2961,-57.4145]},"geometry":{"type":"MultiPolygon","coordinates":[[[[-57.4477,-25.2885],[-57.4468,-25.3046],[-57.4268,-25.33],[-57.4217,-25.3454],[-57.3989,-25.3589],[-57.3901,-25.3475],[-57.3731,-25.3533],[-57.368,-25.3383],[-57.3309,-25.3096],[-57.3412,-25.2819],[-57.3278,-25.2478],[-57.3376,-25.232],[-57.346,-25.2323],[-57.3498,-25.2274],[-57.3929,-25.2572],[-57.4031,-25.2545],[-57.4082,-25.2593],[-57.4253,-25.2587],[-57.4276,-25.2692],[-57.4341,-25.2708],[-57.4343,-25.276],[-57.4431,-25.2798],[-57.4477,-25.2885]]]]}},{"type":"Feature","properties":{"n":"Capiatá","l":8,"c":[-25.3597,-57.443]},"geometry":{"type":"MultiPolygon","coordinates":[[[[-57.5167,-25.4051],[-57.5085,-25.4071],[-57.5153,-25.4073],[-57.5111,-25.4242],[-57.5,-25.4228],[-57.4653,-25.4391],[-57.4473,-25.3961],[-57.4237,-25.4036],[-57.4271,-25.4124],[-57.3992,-25.4183],[-57.3988,-25.4058],[-57.4059,-25.3875],[-57.3998,-25.3694],[-57.4025,-25.3579],[-57.4222,-25.345],[-57.4268,-25.33],[-57.4443,-25.3079],[-57.4612,-25.3169],[-57.4833,-25.3425],[-57.4813,-25.3464],[-57.4876,-25.3569],[-57.4818,-25.4027],[-57.5046,-25.4003],[-57.5167,-25.4051]]]]}},{"type":"Feature","properties":{"n":"San Lorenzo","l":8,"c":[-25.3472,-57.5059]},"geometry":{"type":"MultiPolygon","coordinates":[[[[-57.5702,-25.3558],[-57.5635,-25.3656],[-57.5569,-25.368],[-57.5509,-25.3639],[-57.5252,-25.3726],[-57.527,-25.3758],[-57.5197,-25.3797],[-57.5233,-25.3858],[-57.5062,-25.4023],[-57.4818,-25.4027],[-57.4875,-25.3554],[-57.4815,-25.3471],[-57.483,-25.342],[-57.464,-25.3202],[-57.4749,-25.3245],[-57.4943,-25.3113],[-57.5205,-25.3015],[-57.5195,-25.2964],[-57.536,-25.2958],[-57.5165,-25.3199],[-57.528,-25.3247],[-57.5275,-25.3338],[-57.5401,-25.3324],[-57.5518,-25.3569],[-57.5702,-25.3558]]],[[[-57.5259,-25.2962],[-57.5258,-25.2965],[-57.5257,-25.2962],[-57.5259,-25.2962]]]]}},{"type":"Feature","properties":{"n":"Villarrica","l":8,"c":[-25.7865,-56.4486]},"geometry":{"type":"MultiPolygon","coordinates":[[[[-56.4707,-25.7915],[-56.4705,-25.7996],[-56.4371,-25.803],[-56.4311,-25.7995],[-56.4241,-25.775],[-56.4346,-25.7653],[-56.4683,-25.7622],[-56.4707,-25.7915]]]]}},{"type":"Feature","properties":{"n":"Tavapy","l":8,"c":[-25.5914,-55.1018]},"geometry":{"type":"MultiPolygon","coordinates":[[[[-55.2441,-25.6721],[-55.1618,-25.6688],[-55.1451,-25.6558],[-55.1321,-25.6534],[-55.0738,-25.6741],[-55.0661,-25.6822],[-55.0145,-25.6857],[-55.013,-25.6904],[-55.0223,-25.7034],[-54.998,-25.7166],[-54.9899,-25.7171],[-54.9883,-25.709],[-54.9171,-25.7208],[-54.9084,-25.6595],[-54.8997,-25.6553],[-54.9019,-25.6489],[-54.8912,-25.6546],[-54.8844,-25.6525],[-54.8898,-25.6355],[-54.8978,-25.6288],[-54.8859,-25.6221],[-54.8845,-25.6179],[-54.8897,-25.6168],[-54.8825,-25.6127],[-54.9016,-25.6198],[-54.9088,-25.613],[-54.9034,-25.613],[-54.9046,-25.6037],[-54.9135,-25.6061],[-54.9226,-25.6177],[-54.9391,-25.615],[-54.9413,-25.6089],[-54.9488,-25.6072],[-54.9484,-25.6019],[-54.9562,-25.6011],[-54.9519,-25.5985],[-54.946,-25.5721],[-54.9537,-25.5712],[-54.957,-25.5772],[-54.9725,-25.5832],[-54.9791,-25.5745],[-54.9733,-25.5927],[-54.993,-25.5808],[-54.9977,-25.5906],[-55.01,-25.5893],[-55.0137,-25.5822],[-55.0239,-25.5857],[-55.0294,-25.5792],[-55.0251,-25.5767],[-55.0312,-25.5715],[-55.0329,-25.5803],[-55.0404,-25.5758],[-55.0362,-25.572],[-55.0465,-25.5711],[-55.0483,-25.575],[-55.0573,-25.5672],[-55.0588,-25.573],[-55.0655,-25.5655],[-55.0723,-25.5668],[-55.0763,-25.5616],[-55.0951,-25.5563],[-55.1151,-25.5594],[-55.1225,-25.5525],[-55.1237,-25.5585],[-55.1337,-25.5631],[-55.144,-25.5495],[-55.1377,-25.5381],[-55.1438,-25.5376],[-55.1427,-25.5295],[-55.1509,-25.5326],[-55.1566,-25.5169],[-55.1685,-25.5232],[-55.1836,-25.5193],[-55.1834,-25.5235],[-55.1892,-25.5249],[-55.191,-25.5193],[-55.2095,-25.5183],[-55.2175,-25.5265],[-55.2134,-25.5363],[-55.2184,-25.5562],[-55.2151,-25.5718],[-55.2183,-25.5928],[-55.2284,-25.5984],[-55.2312,-25.6283],[-55.2373,-25.636],[-55.2441,-25.6721]]]]}},{"type":"Feature","properties":{"n":"Bella Vista","l":8,"c":[-26.9802,-55.5008]},"geometry":{"type":"MultiPolygon","coordinates":[[[[-55.7617,-26.7731],[-55.696,-26.8319],[-55.6935,-26.8348],[-55.699,-26.8392],[-55.5795,-26.9469],[-55.6116,-26.9592],[-55.6424,-26.9835],[-55.6479,-26.9948],[-55.5349,-27.099],[-55.4844,-27.1093],[-55.4677,-27.1098],[-55.4525,-27.1024],[-55.4491,-27.0971],[-55.4565,-27.0583],[-55.4507,-27.0358],[-55.4365,-27.0107],[-55.4121,-26.9876],[-55.4321,-26.9758],[-55.4269,-26.9643],[-55.4442,-26.9526],[-55.4501,-26.9633],[-55.4608,-26.9503],[-55.472,-26.9464],[-55.4863,-26.9734],[-55.5094,-26.9836],[-55.7511,-26.767],[-55.7617,-26.7731]]]]}},{"type":"Feature","properties":{"n":"Obligado","l":8,"c":[-26.9482,-55.6973]},"geometry":{"type":"MultiPolygon","coordinates":[[[[-55.8686,-26.8251],[-55.8532,-26.8414],[-55.8598,-26.8597],[-55.5838,-27.1111],[-55.5652,-27.1256],[-55.5658,-27.1069],[-55.5584,-27.0977],[-55.5349,-27.099],[-55.6479,-26.9948],[-55.6424,-26.9835],[-55.6116,-26.9592],[-55.5795,-26.9469],[-55.699,-26.8392],[-55.6935,-26.8348],[-55.696,-26.8319],[-55.7617,-26.7731],[-55.8541,-26.823],[-55.8661,-26.8214],[-55.8686,-26.8251]]]]}},{"type":"Feature","properties":{"n":"Trinidad","l":8,"c":[-27.1294,-55.7026]},"geometry":{"type":"MultiPolygon","coordinates":[[[[-55.7197,-27.1315],[-55.7156,-27.1352],[-55.7087,-27.133],[-55.7115,-27.1365],[-55.7055,-27.1415],[-55.7038,-27.1336],[-55.6941,-27.1306],[-55.698,-27.1254],[-55.6913,-27.1243],[-55.6983,-27.1189],[-55.7197,-27.1315]]]]}},{"type":"Feature","properties":{"n":"San Ignacio Guazú","l":8,"c":[-26.8715,-57.0809]},"geometry":{"type":"MultiPolygon","coordinates":[[[[-57.4308,-27.0574],[-57.1821,-27.109],[-57.1843,-27.1132],[-57.1325,-27.1245],[-57.124,-27.1141],[-57.0384,-27.16],[-56.9661,-27.1743],[-56.9546,-27.0977],[-56.9582,-27.0701],[-56.988,-27.0013],[-56.9235,-26.952],[-56.916,-26.9341],[-56.9373,-26.9191],[-56.9247,-26.8954],[-56.9177,-26.8916],[-56.9161,-26.8683],[-56.9081,-26.8677],[-56.9073,-26.8598],[-56.9157,-26.842],[-56.9234,-26.8486],[-56.9651,-26.8347],[-56.9888,-26.8189],[-56.9994,-26.7966],[-56.9975,-26.7834],[-56.9812,-26.7393],[-56.9732,-26.7318],[-56.9801,-26.7329],[-56.9895,-26.7267],[-57.001,-26.71],[-57.0604,-26.7721],[-57.0793,-26.7768],[-57.0834,-26.7867],[-57.1015,-26.7987],[-57.1119,-26.7964],[-57.1372,-26.8058],[-57.1727,-26.7948],[-57.2045,-26.8123],[-57.2344,-26.8148],[-57.2552,-26.8073],[-57.2701,-26.7798],[-57.3698,-26.909],[-57.4308,-27.0574]],[[-57.0445,-26.8839],[-57.0343,-26.8809],[-57.0343,-26.8742],[-57.0304,-26.8732],[-57.0144,-26.8838],[-57.0162,-26.8797],[-57.009,-26.8748],[-57.0027,-26.8783],[-57.0098,-26.8841],[-57.0049,-26.8905],[-57.0065,-26.8966],[-57.0224,-26.8946],[-57.0272,-26.9053],[-57.0393,-26.9019],[-57.0445,-26.8839]]]]}},{"type":"Feature","properties":{"n":"General Francisco Caballero Álvarez","l":8,"c":[-24.1551,-54.7204]},"geometry":{"type":"MultiPolygon","coordinates":[[[[-54.8233,-23.8889],[-54.8159,-24.1786],[-54.8119,-24.1844],[-54.8053,-24.1836],[-54.8049,-24.1901],[-54.7889,-24.1932],[-54.7833,-24.1892],[-54.7851,-24.1808],[-54.7929,-24.1687],[-54.7987,-24.1679],[-54.7975,-24.159],[-54.7878,-24.1602],[-54.7802,-24.1514],[-54.7639,-24.1622],[-54.7487,-24.1574],[-54.7504,-24.1622],[-54.7455,-24.1642],[-54.7488,-24.1736],[-54.7525,-24.173],[-54.7496,-24.1756],[-54.7637,-24.1913],[-54.7672,-24.1881],[-54.771,-24.1936],[-54.7678,-24.1979],[-54.7736,-24.1992],[-54.7724,-24.2061],[-54.7555,-24.1968],[-54.7413,-24.1994],[-54.7283,-24.1885],[-54.7175,-24.1908],[-54.713,-24.2137],[-54.6879,-24.2454],[-54.6831,-24.2592],[-54.6875,-24.2702],[-54.6775,-24.2742],[-54.6627,-24.3677],[-54.6927,-24.3828],[-54.7034,-24.4102],[-54.7132,-24.4733],[-54.6963,-24.4973],[-54.6662,-24.4978],[-54.651,-24.454],[-54.621,-24.4256],[-54.6039,-24.4189],[-54.58,-24.3868],[-54.6026,-24.3681],[-54.6045,-24.3572],[-54.594,-24.291],[-54.5802,-24.2764],[-54.5773,-24.2665],[-54.589,-24.2681],[-54.6156,-24.1983],[-54.6839,-24.0895],[-54.6988,-24.0582],[-54.7061,-24.0212],[-54.7021,-23.9913],[-54.6909,-23.9745],[-54.6959,-23.973],[-54.6945,-23.9694],[-54.7155,-23.9683],[-54.7191,-23.9364],[-54.7268,-23.9264],[-54.723,-23.918],[-54.7267,-23.8751],[-54.7365,-23.8657],[-54.7455,-23.8682],[-54.7491,-23.8608],[-54.7594,-23.8565],[-54.7645,-23.8658],[-54.7746,-23.8651],[-54.7792,-23.8699],[-54.7931,-23.8679],[-54.8146,-23.8901],[-54.8233,-23.8889]]]]}},{"type":"Feature","properties":{"n":"Salto del Guairá","l":8,"c":[-24.2256,-54.5387]},"geometry":{"type":"MultiPolygon","coordinates":[[[[-54.7324,-23.8691],[-54.7245,-23.8855],[-54.723,-23.918],[-54.7268,-23.9264],[-54.7191,-23.9364],[-54.7152,-23.9688],[-54.6945,-23.9694],[-54.6959,-23.973],[-54.6883,-23.977],[-54.6864,-23.9735],[-54.6824,-23.9789],[-54.6648,-23.9644],[-54.6519,-23.9624],[-54.6433,-23.9649],[-54.6332,-23.9806],[-54.6244,-23.9689],[-54.6154,-23.966],[-54.6054,-23.9701],[-54.6124,-24.0077],[-54.6061,-24.0193],[-54.6111,-24.0284],[-54.6081,-24.0426],[-54.5429,-24.0931],[-54.5378,-24.1079],[-54.5412,-24.1187],[-54.5261,-24.1373],[-54.5035,-24.1405],[-54.48,-24.1628],[-54.4769,-24.1667],[-54.4802,-24.1829],[-54.4408,-24.2017],[-54.4123,-24.2348],[-54.4216,-24.2454],[-54.4211,-24.277],[-54.4336,-24.2895],[-54.4233,-24.2983],[-54.4322,-24.305],[-54.4372,-24.3016],[-54.4583,-24.3155],[-54.4761,-24.3193],[-54.4988,-24.3341],[-54.4898,-24.3543],[-54.4489,-24.3873],[-54.457,-24.3842],[-54.4766,-24.3936],[-54.4865,-24.3903],[-54.4998,-24.4011],[-54.539,-24.389],[-54.5471,-24.3934],[-54.5707,-24.3783],[-54.5767,-24.3798],[-54.5993,-24.4143],[-54.621,-24.4256],[-54.651,-24.454],[-54.6635,-24.4939],[-54.6257,-24.5138],[-54.6128,-24.512],[-54.6038,-24.5233],[-54.5691,-24.5253],[-54.5678,-24.5296],[-54.5641,-24.5275],[-54.5644,-24.5373],[-54.5598,-24.532],[-54.5537,-24.5363],[-54.5522,-24.5271],[-54.5498,-24.5337],[-54.5443,-24.5332],[-54.5352,-24.5149],[-54.5386,-24.5108],[-54.5297,-24.5005],[-54.5242,-24.506],[-54.5191,-24.5034],[-54.5145,-24.5165],[-54.4943,-24.5214],[-54.4887,-24.5306],[-54.4707,-24.5265],[-54.4714,-24.5198],[-54.4645,-24.5164],[-54.4457,-24.526],[-54.4413,-24.5203],[-54.4278,-24.5199],[-54.4061,-24.5263],[-54.3844,-24.515],[-54.3523,-24.5263],[-54.3334,-24.5263],[-54.3361,-24.5081],[-54.3213,-24.4547],[-54.2805,-24.4059],[-54.2631,-24.3761],[-54.258,-24.357],[-54.2772,-24.2966],[-54.2901,-24.2778],[-54.3157,-24.2578],[-54.325,-24.2424],[-54.3301,-24.1847],[-54.3442,-24.1544],[-54.3398,-24.1227],[-54.3142,-24.104],[-54.2862,-24.0682],[-54.31,-24.0463],[-54.3216,-24.0245],[-54.3219,-24.0047],[-54.3348,-24.0061],[-54.3376,-24.0017],[-54.3459,-24.0016],[-54.3517,-24.0077],[-54.3697,-23.9921],[-54.3837,-23.9867],[-54.3941,-23.9653],[-54.4147,-23.9581],[-54.4166,-23.9462],[-54.4268,-23.9311],[-54.4337,-23.929],[-54.4274,-23.9266],[-54.4263,-23.9156],[-54.4398,-23.9045],[-54.4703,-23.8977],[-54.4871,-23.9036],[-54.4867,-23.8941],[-54.4932,-23.8851],[-54.5148,-23.8852],[-54.5231,-23.8737],[-54.5389,-23.8693],[-54.5686,-23.8745],[-54.5644,-23.8542],[-54.5816,-23.8459],[-54.5844,-23.8372],[-54.6012,-23.8524],[-54.6095,-23.8515],[-54.6167,-23.8351],[-54.6314,-23.83],[-54.6464,-23.8336],[-54.6527,-23.8214],[-54.6685,-23.8173],[-54.6698,-23.8126],[-54.681,-23.8282],[-54.6988,-23.8419],[-54.6983,-23.8579],[-54.7049,-23.8642],[-54.7324,-23.8691]]]]}},{"type":"Feature","properties":{"n":"Hohenau","l":8,"c":[-27.0821,-55.6463]},"geometry":{"type":"MultiPolygon","coordinates":[[[[-55.66,-27.0894],[-55.6557,-27.0964],[-55.6496,-27.0871],[-55.6442,-27.091],[-55.6547,-27.1039],[-55.6433,-27.0929],[-55.6364,-27.0963],[-55.6479,-27.0851],[-55.636,-27.0719],[-55.63,-27.0723],[-55.6446,-27.0612],[-55.6503,-27.0623],[-55.6513,-27.0698],[-55.6592,-27.0651],[-55.6449,-27.0726],[-55.6473,-27.0771],[-55.6544,-27.0748],[-55.6496,-27.0782],[-55.66,-27.0894]]]]}},{"type":"Feature","properties":{"n":"Natalio","l":8,"c":[-26.7573,-55.1363]},"geometry":{"type":"MultiPolygon","coordinates":[[[[-55.1523,-26.7654],[-55.1328,-26.7677],[-55.1343,-26.7574],[-55.1264,-26.7526],[-55.134,-26.7514],[-55.1305,-26.7389],[-55.1323,-26.7477],[-55.1523,-26.7654]]]]}},{"type":"Feature","properties":{"n":"Yatytay","l":8,"c":[-26.6761,-55.0822]},"geometry":{"type":"MultiPolygon","coordinates":[[[[-55.0981,-26.6727],[-55.0827,-26.6835],[-55.0813,-26.6785],[-55.0661,-26.683],[-55.0674,-26.6791],[-55.0716,-26.6808],[-55.0687,-26.6767],[-55.0814,-26.6775],[-55.09,-26.6641],[-55.0928,-26.6726],[-55.0981,-26.6727]]]]}},{"type":"Feature","properties":{"n":"San Rafael","l":8,"c":[-26.5977,-54.9959]},"geometry":{"type":"MultiPolygon","coordinates":[[[[-55.0029,-26.5984],[-54.9938,-26.6042],[-54.9883,-26.5978],[-54.9959,-26.5913],[-55.0029,-26.5984]]]]}},{"type":"Feature","properties":{"n":"Villa Torales","l":8,"c":[-22.9529,-56.5311]},"geometry":{"type":"MultiPolygon","coordinates":[[[[-56.5407,-22.9572],[-56.534,-22.9615],[-56.5197,-22.9446],[-56.5331,-22.9488],[-56.5352,-22.9568],[-56.5407,-22.9572]]]]}},{"type":"Feature","properties":{"n":"Yby Yaú","l":8,"c":[-22.9666,-56.5454]},"geometry":{"type":"MultiPolygon","coordinates":[[[[-56.5552,-22.9608],[-56.5475,-22.9694],[-56.5507,-22.9729],[-56.5374,-22.9754],[-56.5403,-22.9731],[-56.5336,-22.9679],[-56.5385,-22.9624],[-56.5446,-22.9624],[-56.5462,-22.9578],[-56.5552,-22.9608]]]]}},{"type":"Feature","properties":{"n":"San Pablo","l":8,"c":[-24.1034,-56.8632]},"geometry":{"type":"MultiPolygon","coordinates":[[[[-56.8727,-24.1048],[-56.8702,-24.1105],[-56.8562,-24.1115],[-56.8579,-24.1012],[-56.8518,-24.099],[-56.8695,-24.0999],[-56.8727,-24.1048]]]]}},{"type":"Feature","properties":{"n":"Antequera","l":8,"c":[-24.0844,-57.2003]},"geometry":{"type":"MultiPolygon","coordinates":[[[[-57.2076,-24.0757],[-57.2049,-24.0932],[-57.19,-24.0862],[-57.2076,-24.0757]]]]}},{"type":"Feature","properties":{"n":"Remansito","l":8,"c":[-25.1614,-57.5627]},"geometry":{"type":"MultiPolygon","coordinates":[[[[-57.5793,-25.1717],[-57.5765,-25.1751],[-57.5625,-25.1667],[-57.5551,-25.1719],[-57.5496,-25.1687],[-57.5443,-25.1422],[-57.5584,-25.1423],[-57.5647,-25.1481],[-57.5584,-25.1544],[-57.5616,-25.1598],[-57.5634,-25.1504],[-57.5621,-25.1605],[-57.5655,-25.1587],[-57.5666,-25.1676],[-57.571,-25.1676],[-57.5689,-25.1615],[-57.5731,-25.1606],[-57.5793,-25.1717]]]]}},{"type":"Feature","properties":{"n":"Caaguazú","l":8,"c":[-25.4643,-56.0231]},"geometry":{"type":"MultiPolygon","coordinates":[[[[-56.0656,-25.4782],[-56.058,-25.4843],[-56.0009,-25.5008],[-55.9791,-25.4864],[-55.9836,-25.46],[-55.9891,-25.4499],[-55.9963,-25.4469],[-56.0047,-25.4518],[-56.0231,-25.4452],[-56.0293,-25.4494],[-56.0504,-25.4495],[-56.0513,-25.4643],[-56.0608,-25.4676],[-56.0656,-25.4782]]]]}},{"type":"Feature","properties":{"n":"Pilar","l":8,"c":[-26.8593,-58.3021]},"geometry":{"type":"MultiPolygon","coordinates":[[[[-58.3244,-26.8699],[-58.3139,-26.8759],[-58.3159,-26.8871],[-58.3065,-26.8905],[-58.3094,-26.8955],[-58.3058,-26.8964],[-58.2982,-26.8854],[-58.2879,-26.89],[-58.2803,-26.872],[-58.2838,-26.8677],[-58.2738,-26.8521],[-58.2856,-26.8432],[-58.2848,-26.8353],[-58.2947,-26.8291],[-58.3062,-26.8313],[-58.3187,-26.8378],[-58.3122,-26.8649],[-58.3244,-26.8699]]]]}},{"type":"Feature","properties":{"n":"Isla Umbú","l":8,"c":[-26.9829,-58.27]},"geometry":{"type":"MultiPolygon","coordinates":[[[[-58.2766,-26.9798],[-58.2749,-26.986],[-58.2647,-26.9864],[-58.267,-26.979],[-58.2766,-26.9798]]]]}},{"type":"Feature","properties":{"n":"Tacuaras","l":8,"c":[-26.8175,-57.9835]},"geometry":{"type":"MultiPolygon","coordinates":[[[[-57.9883,-26.8163],[-57.9775,-26.8195],[-57.987,-26.8132],[-57.9883,-26.8163]]]]}},{"type":"Feature","properties":{"n":"Carmen del Paraná","l":8,"c":[-27.2231,-56.1565]},"geometry":{"type":"MultiPolygon","coordinates":[[[[-56.18,-27.2257],[-56.1503,-27.2298],[-56.131,-27.2206],[-56.1306,-27.2154],[-56.1507,-27.2151],[-56.1619,-27.2226],[-56.18,-27.2257]]]]}},{"type":"Feature","properties":{"n":"José Leandro Oviedo","l":8,"c":[-26.7454,-56.2795]},"geometry":{"type":"MultiPolygon","coordinates":[[[[-56.2845,-26.7462],[-56.2786,-26.749],[-56.2748,-26.742],[-56.2845,-26.7462]]]]}},{"type":"Feature","properties":{"n":"Luque","l":8,"c":[-25.2465,-57.443]},"geometry":{"type":"MultiPolygon","coordinates":[[[[-57.5428,-25.2739],[-57.5419,-25.2917],[-57.5326,-25.2975],[-57.5195,-25.2964],[-57.5205,-25.3015],[-57.4731,-25.3246],[-57.4448,-25.3101],[-57.446,-25.2839],[-57.4276,-25.2692],[-57.4253,-25.2587],[-57.4082,-25.2593],[-57.4031,-25.2545],[-57.3929,-25.2572],[-57.3497,-25.2267],[-57.3737,-25.2087],[-57.3753,-25.2018],[-57.3867,-25.2006],[-57.3929,-25.1904],[-57.396,-25.1926],[-57.3952,-25.1855],[-57.4008,-25.186],[-57.4006,-25.18],[-57.4093,-25.1832],[-57.4162,-25.1974],[-57.426,-25.1895],[-57.436,-25.1925],[-57.4487,-25.2064],[-57.4487,-25.2128],[-57.4651,-25.2191],[-57.4739,-25.2209],[-57.4817,-25.2117],[-57.4911,-25.2133],[-57.4995,-25.2033],[-57.5153,-25.2175],[-57.5428,-25.2739]]]]}},{"type":"Feature","properties":{"n":"Ciudad del Este","l":8,"c":[-25.4747,-54.6772]},"geometry":{"type":"MultiPolygon","coordinates":[[[[-54.7402,-25.5977],[-54.7286,-25.6001],[-54.7185,-25.5791],[-54.7072,-25.5742],[-54.704,-25.546],[-54.6932,-25.5388],[-54.6174,-25.5379],[-54.6102,-25.5478],[-54.6062,-25.5459],[-54.5993,-25.5549],[-54.5939,-25.5535],[-54.6014,-25.5031],[-54.6226,-25.4969],[-54.6325,-25.4901],[-54.6391,-25.4778],[-54.6357,-25.4719],[-54.6272,-25.4736],[-54.628,-25.4592],[-54.6382,-25.4588],[-54.6408,-25.4467],[-54.6482,-25.4433],[-54.6685,-25.4685],[-54.6798,-25.4594],[-54.6702,-25.4428],[-54.683,-25.4326],[-54.6964,-25.436],[-54.7031,-25.4451],[-54.7103,-25.4434],[-54.711,-25.4245],[-54.693,-25.4188],[-54.6753,-25.4241],[-54.6698,-25.4144],[-54.6791,-25.4133],[-54.6846,-25.4036],[-54.7001,-25.3949],[-54.7106,-25.4179],[-54.715,-25.4169],[-54.7148,-25.4102],[-54.724,-25.4056],[-54.7203,-25.3946],[-54.7258,-25.3867],[-54.739,-25.4048],[-54.7191,-25.4156],[-54.7241,-25.4338],[-54.7362,-25.5831],[-54.7298,-25.5849],[-54.7402,-25.5977]]]]}},{"type":"Feature","properties":{"n":"Doctor Juan León Mallorquín","l":8,"c":[-25.5442,-55.2266]},"geometry":{"type":"MultiPolygon","coordinates":[[[[-55.3472,-25.5885],[-55.3417,-25.5894],[-55.342,-25.5797],[-55.3337,-25.5748],[-55.3267,-25.5832],[-55.3187,-25.5843],[-55.3233,-25.5792],[-55.3182,-25.5752],[-55.3141,-25.5775],[-55.3141,-25.5716],[-55.3093,-25.5748],[-55.3108,-25.5692],[-55.305,-25.5712],[-55.304,-25.5651],[-55.2686,-25.5696],[-55.2684,-25.5621],[-55.2616,-25.5616],[-55.2639,-25.5552],[-55.2591,-25.5604],[-55.2501,-25.5543],[-55.2527,-25.5477],[-55.2475,-25.5478],[-55.2476,-25.5384],[-55.2371,-25.5317],[-55.2397,-25.5281],[-55.2317,-25.524],[-55.2352,-25.5225],[-55.2245,-25.525],[-55.2221,-25.5208],[-55.218,-25.5267],[-55.2086,-25.5182],[-55.191,-25.5193],[-55.1892,-25.5249],[-55.1834,-25.5235],[-55.1836,-25.5193],[-55.1685,-25.5232],[-55.1566,-25.5169],[-55.1509,-25.5326],[-55.1427,-25.5295],[-55.1438,-25.5376],[-55.1377,-25.5381],[-55.144,-25.5495],[-55.1337,-25.5631],[-55.1237,-25.5585],[-55.1217,-25.5524],[-55.1151,-25.5594],[-55.0986,-25.5558],[-55.0982,-25.5594],[-55.0951,-25.5563],[-55.0926,-25.56],[-55.0816,-25.5596],[-55.211,-25.4428],[-55.302,-25.3482],[-55.3069,-25.3495],[-55.3089,-25.3895],[-55.3472,-25.5885]]]]}},{"type":"Feature","properties":{"n":"Hernandarias","l":8,"c":[-25.3246,-54.8291]},"geometry":{"type":"MultiPolygon","coordinates":[[[[-55.0243,-25.2288],[-55.022,-25.2349],[-55.0125,-25.2338],[-55.0171,-25.2357],[-55.0172,-25.2442],[-55.0023,-25.241],[-55.0036,-25.2519],[-54.9937,-25.2492],[-54.9951,-25.2412],[-54.9841,-25.2469],[-54.9916,-25.2576],[-54.9803,-25.2637],[-54.9703,-25.2585],[-54.9748,-25.248],[-54.9651,-25.2497],[-54.9643,-25.2618],[-54.9701,-25.2672],[-54.9654,-25.2727],[-54.9726,-25.2688],[-54.9727,-25.2779],[-54.9772,-25.2785],[-54.9682,-25.2864],[-54.9641,-25.2999],[-54.9607,-25.2959],[-54.9549,-25.3044],[-54.9636,-25.3062],[-54.9636,-25.3182],[-54.9576,-25.3216],[-54.9489,-25.3167],[-54.941,-25.3239],[-54.9391,-25.3443],[-54.9504,-25.3469],[-54.9266,-25.3555],[-54.917,-25.349],[-54.9198,-25.3386],[-54.9131,-25.3334],[-54.9018,-25.3354],[-54.9083,-25.349],[-54.892,-25.3516],[-54.8964,-25.3605],[-54.9098,-25.3637],[-54.9082,-25.3731],[-54.8957,-25.3765],[-54.9016,-25.3646],[-54.8832,-25.3667],[-54.8784,-25.3586],[-54.8711,-25.3568],[-54.8638,-25.3646],[-54.845,-25.3673],[-54.8442,-25.3803],[-54.8554,-25.3858],[-54.8546,-25.3985],[-54.8374,-25.3938],[-54.8341,-25.4076],[-54.8261,-25.4001],[-54.8109,-25.4006],[-54.807,-25.4107],[-54.7964,-25.4143],[-54.797,-25.4267],[-54.791,-25.4239],[-54.7822,-25.4068],[-54.7778,-25.4165],[-54.7846,-25.4219],[-54.7843,-25.4303],[-54.7768,-25.4215],[-54.7625,-25.4232],[-54.7646,-25.4079],[-54.7601,-25.4023],[-54.7519,-25.406],[-54.7501,-25.4164],[-54.7544,-25.4231],[-54.7485,-25.4274],[-54.7385,-25.4125],[-54.7194,-25.4191],[-54.7225,-25.4117],[-54.7388,-25.4061],[-54.7258,-25.3867],[-54.7203,-25.3946],[-54.724,-25.4056],[-54.7148,-25.4102],[-54.7118,-25.4181],[-54.6986,-25.3952],[-54.6846,-25.4036],[-54.6791,-25.4133],[-54.6698,-25.4144],[-54.6709,-25.4191],[-54.6786,-25.4247],[-54.693,-25.4188],[-54.711,-25.4245],[-54.7103,-25.4434],[-54.7031,-25.4451],[-54.6964,-25.436],[-54.683,-25.4326],[-54.6702,-25.4428],[-54.6798,-25.4594],[-54.6685,-25.4685],[-54.6532,-25.4451],[-54.6436,-25.4441],[-54.6382,-25.4588],[-54.626,-25.4624],[-54.6278,-25.4746],[-54.6357,-25.4719],[-54.6392,-25.4772],[-54.6325,-25.4901],[-54.6014,-25.5031],[-54.6018,-25.4855],[-54.6176,-25.4694],[-54.6197,-25.4543],[-54.6045,-25.4419],[-54.5828,-25.3916],[-54.5379,-25.346],[-54.5434,-25.3215],[-54.5412,-25.308],[-54.5503,-25.2883],[-54.5848,-25.2942],[-54.6075,-25.2864],[-54.6199,-25.287],[-54.6307,-25.2793],[-54.6346,-25.2613],[-54.6459,-25.2615],[-54.6534,-25.2502],[-54.6839,-25.2614],[-54.6916,-25.2589],[-54.7014,-25.2461],[-54.7235,-25.2825],[-54.7372,-25.2786],[-54.8309,-25.279],[-54.8777,-25.2517],[-54.8703,-25.2318],[-54.8753,-25.2084],[-54.8634,-25.1755],[-54.873,-25.1649],[-54.8789,-25.1382],[-54.9031,-25.1638],[-54.9419,-25.1811],[-54.9559,-25.1621],[-54.9761,-25.1682],[-54.9823,-25.1773],[-54.9821,-25.2047],[-54.9993,-25.22],[-55.0095,-25.2212],[-55.0124,-25.2276],[-55.0243,-25.2288]]]]}},{"type":"Feature","properties":{"n":"Itakyry","l":8,"c":[-24.8962,-55.1997]},"geometry":{"type":"MultiPolygon","coordinates":[[[[-55.35,-24.8469],[-55.3465,-24.85],[-55.343,-24.8466],[-55.3447,-24.8539],[-55.3395,-24.8576],[-55.3431,-24.8623],[-55.3381,-24.8625],[-55.3409,-24.8682],[-55.3292,-24.8772],[-55.3335,-24.8813],[-55.3251,-24.8832],[-55.3301,-24.8906],[-55.3257,-24.8922],[-55.3269,-24.9009],[-55.3386,-24.908],[-55.3355,-24.9109],[-55.3423,-24.9106],[-55.345,-24.9203],[-55.3289,-24.926],[-55.3337,-24.9386],[-55.3275,-24.9429],[-55.3336,-24.9438],[-55.3348,-24.9494],[-55.3328,-24.9683],[-55.3259,-24.9723],[-55.321,-24.9698],[-55.3133,-24.9836],[-55.3073,-24.9836],[-55.3041,-24.9938],[-55.3138,-24.9999],[-55.3086,-25.0048],[-55.311,-25.0112],[-55.2973,-25.0157],[-55.2983,-25.0221],[-55.2738,-25.0223],[-55.2783,-25.0266],[-55.2702,-25.0308],[-55.2774,-25.031],[-55.2814,-25.0382],[-55.2702,-25.0433],[-55.2556,-25.0303],[-55.2497,-25.0325],[-55.2545,-25.0352],[-55.2502,-25.0382],[-55.2372,-25.0361],[-55.2386,-25.0315],[-55.2314,-25.029],[-55.227,-25.035],[-55.2333,-25.0436],[-55.2279,-25.0461],[-55.226,-25.0428],[-55.2213,-25.0515],[-55.218,-25.0464],[-55.2156,-25.049],[-55.2155,-25.0439],[-55.2051,-25.0493],[-55.2018,-25.039],[-55.1934,-25.0428],[-55.1833,-25.055],[-55.1785,-25.055],[-55.1681,-25.0758],[-55.1718,-25.0814],[-55.169,-25.0864],[-55.1639,-25.0831],[-55.1595,-25.0866],[-55.1579,-25.0924],[-55.1623,-25.0918],[-55.156,-25.0957],[-55.1567,-25.1004],[-55.1451,-25.0984],[-55.1354,-25.115],[-55.1295,-25.1138],[-55.1116,-25.1264],[-55.1129,-25.1297],[-55.1031,-25.1299],[-55.1028,-25.1334],[-55.0927,-25.1277],[-55.0945,-25.1342],[-55.0856,-25.1429],[-55.0893,-25.1448],[-55.0807,-25.1428],[-55.0694,-25.1577],[-55.0573,-25.158],[-55.0592,-25.1669],[-55.0555,-25.1698],[-55.0529,-25.1661],[-55.0538,-25.1742],[-55.0465,-25.1705],[-55.043,-25.1763],[-55.0307,-25.1749],[-55.0225,-25.1932],[-55.0096,-25.1943],[-55.0083,-25.1994],[-55.0246,-25.2085],[-55.0187,-25.2148],[-55.0282,-25.2259],[-55.0124,-25.2276],[-55.0092,-25.221],[-54.9993,-25.22],[-54.9821,-25.2047],[-54.9809,-25.173],[-54.9559,-25.1621],[-54.9678,-25.1369],[-54.9496,-25.0592],[-54.9758,-25.0715],[-54.9798,-25.0658],[-54.9756,-25.051],[-55.0007,-25.0233],[-55.013,-25.0213],[-55.0246,-25.0124],[-55.0493,-25.0137],[-55.0566,-25.0091],[-55.058,-25],[-55.0709,-24.9927],[-55.0593,-24.9781],[-55.0553,-24.9437],[-55.0473,-24.9401],[-55.0418,-24.92],[-55.0041,-24.7196],[-55.0079,-24.7109],[-55.0023,-24.7094],[-54.9912,-24.6366],[-54.9789,-24.6088],[-54.9624,-24.596],[-54.9552,-24.5673],[-54.9708,-24.5685],[-54.9746,-24.5592],[-54.9934,-24.5495],[-55.0403,-24.5472],[-55.0549,-24.5511],[-55.0653,-24.5459],[-55.0782,-24.5497],[-55.0942,-24.5466],[-55.1132,-24.5348],[-55.1123,-24.5079],[-55.1339,-24.4855],[-55.1631,-24.5277],[-55.1865,-24.5174],[-55.2067,-24.515],[-55.2367,-24.5198],[-55.2479,-24.5155],[-55.2706,-24.5236],[-55.2894,-24.5562],[-55.302,-24.567],[-55.3058,-24.5884],[-55.2923,-24.6131],[-55.3011,-24.6339],[-55.2917,-24.6451],[-55.3159,-24.6782],[-55.3125,-24.6821],[-55.3167,-24.6923],[-55.3033,-24.7041],[-55.3008,-24.7161],[-55.305,-24.7287],[-55.3236,-24.752],[-55.3205,-24.7666],[-55.3379,-24.812],[-55.3338,-24.8258],[-55.35,-24.8469]]]]}},{"type":"Feature","properties":{"n":"Mbaracayú","l":8,"c":[-25.0596,-54.7585]},"geometry":{"type":"MultiPolygon","coordinates":[[[[-54.9678,-25.1376],[-54.9419,-25.1811],[-54.9031,-25.1638],[-54.8778,-25.1387],[-54.873,-25.1649],[-54.8634,-25.1755],[-54.8753,-25.2084],[-54.8703,-25.2318],[-54.8779,-25.2509],[-54.8749,-25.2533],[-54.8639,-25.2273],[-54.8665,-25.2125],[-54.7762,-25.1303],[-54.7611,-25.1213],[-54.7232,-25.1124],[-54.7075,-25.0908],[-54.6896,-25.0867],[-54.6723,-25.0959],[-54.6484,-25.0774],[-54.6061,-25.0958],[-54.5933,-25.0839],[-54.5665,-25.0764],[-54.4863,-25.0943],[-54.4815,-25.0671],[-54.4585,-25.0815],[-54.4577,-25.0674],[-54.4636,-25.0568],[-54.4178,-24.893],[-54.4864,-24.884],[-54.4926,-24.8871],[-54.4962,-24.8973],[-54.5041,-24.9004],[-54.5573,-24.8721],[-54.5783,-24.8674],[-54.6234,-24.89],[-54.6348,-24.8799],[-54.6394,-24.8636],[-54.6539,-24.8547],[-54.6611,-24.8575],[-54.6674,-24.8741],[-54.6763,-24.879],[-54.7122,-24.8779],[-54.7216,-24.8736],[-54.7381,-24.8876],[-54.7572,-24.9248],[-54.7607,-24.9444],[-54.7678,-24.9515],[-54.7735,-24.9556],[-54.7819,-24.9517],[-54.7802,-24.9421],[-54.7904,-24.9398],[-54.8097,-24.9552],[-54.8158,-24.9541],[-54.842,-24.9781],[-54.8515,-25.0021],[-54.8637,-25.0034],[-54.8712,-24.9985],[-54.8922,-25.0021],[-54.9287,-25.0439],[-54.9496,-25.0593],[-54.9678,-25.1376]]]]}},{"type":"Feature","properties":{"n":"Minga Guazú","l":8,"c":[-25.5221,-54.8349]},"geometry":{"type":"MultiPolygon","coordinates":[[[[-54.9562,-25.6011],[-54.9484,-25.6019],[-54.9483,-25.6079],[-54.9413,-25.6089],[-54.9333,-25.618],[-54.9226,-25.6177],[-54.9135,-25.6061],[-54.9046,-25.6037],[-54.9034,-25.613],[-54.9088,-25.613],[-54.9016,-25.6198],[-54.8826,-25.6121],[-54.8897,-25.6168],[-54.8845,-25.6179],[-54.8859,-25.6221],[-54.8978,-25.6288],[-54.8804,-25.6539],[-54.8822,-25.6396],[-54.8673,-25.6438],[-54.862,-25.6381],[-54.8581,-25.645],[-54.8471,-25.6373],[-54.8441,-25.6285],[-54.848,-25.6233],[-54.848,-25.6035],[-54.8539,-25.6037],[-54.856,-25.6149],[-54.8632,-25.6101],[-54.8607,-25.5981],[-54.8546,-25.5976],[-54.8473,-25.5873],[-54.84,-25.5874],[-54.8369,-25.5968],[-54.8301,-25.5856],[-54.8153,-25.5786],[-54.8103,-25.5993],[-54.8137,-25.6099],[-54.8077,-25.6111],[-54.8053,-25.6051],[-54.7969,-25.6069],[-54.7919,-25.5938],[-54.784,-25.5995],[-54.7751,-25.5916],[-54.7744,-25.5996],[-54.768,-25.5933],[-54.7549,-25.5957],[-54.7669,-25.5884],[-54.7615,-25.5742],[-54.7567,-25.5864],[-54.7362,-25.5831],[-54.72,-25.4193],[-54.7385,-25.4125],[-54.7485,-25.4274],[-54.7544,-25.4231],[-54.7501,-25.4164],[-54.7519,-25.406],[-54.7601,-25.4023],[-54.7646,-25.4079],[-54.7625,-25.4232],[-54.7768,-25.4215],[-54.7843,-25.4303],[-54.7846,-25.4219],[-54.7778,-25.4165],[-54.7822,-25.4068],[-54.791,-25.4239],[-54.797,-25.4267],[-54.7964,-25.4143],[-54.807,-25.4107],[-54.8109,-25.4006],[-54.8261,-25.4001],[-54.8341,-25.4076],[-54.8374,-25.3938],[-54.8546,-25.3985],[-54.8554,-25.3858],[-54.8442,-25.3803],[-54.845,-25.3673],[-54.8638,-25.3646],[-54.8711,-25.3568],[-54.8784,-25.3586],[-54.8832,-25.3667],[-54.9016,-25.3646],[-54.8957,-25.3765],[-54.903,-25.3767],[-54.9118,-25.3689],[-54.9508,-25.5722],[-54.9455,-25.5724],[-54.9453,-25.5771],[-54.9562,-25.6011]]]]}},{"type":"Feature","properties":{"n":"Minga Porá","l":8,"c":[-24.7211,-54.8035]},"geometry":{"type":"MultiPolygon","coordinates":[[[[-55.0291,-24.8483],[-55.0116,-24.8551],[-55.0066,-24.8636],[-54.9865,-24.8677],[-54.9787,-24.8838],[-54.967,-24.8817],[-54.899,-24.9438],[-54.8693,-24.9246],[-54.8645,-24.9094],[-54.8402,-24.896],[-54.8378,-24.8857],[-54.8284,-24.8764],[-54.8108,-24.8698],[-54.805,-24.8732],[-54.8029,-24.8655],[-54.791,-24.8642],[-54.7956,-24.8595],[-54.7952,-24.848],[-54.7903,-24.8526],[-54.7762,-24.8495],[-54.7707,-24.8549],[-54.737,-24.855],[-54.723,-24.8627],[-54.7169,-24.8729],[-54.7074,-24.8757],[-54.7046,-24.8688],[-54.7204,-24.8495],[-54.7387,-24.8463],[-54.7403,-24.8395],[-54.7322,-24.8451],[-54.7261,-24.8438],[-54.7243,-24.8379],[-54.7172,-24.8495],[-54.6816,-24.8729],[-54.6785,-24.8675],[-54.6897,-24.8622],[-54.6991,-24.8495],[-54.6942,-24.8403],[-54.6884,-24.8574],[-54.6826,-24.8596],[-54.6654,-24.7751],[-54.6759,-24.784],[-54.6902,-24.7799],[-54.7227,-24.7823],[-54.7359,-24.77],[-54.7566,-24.7639],[-54.7277,-24.7546],[-54.7237,-24.7331],[-54.7007,-24.7136],[-54.6963,-24.7004],[-54.6762,-24.6926],[-54.6579,-24.6998],[-54.6543,-24.6895],[-54.6431,-24.6883],[-54.6481,-24.6836],[-54.6455,-24.6787],[-54.6531,-24.6781],[-54.656,-24.6669],[-54.6637,-24.6686],[-54.6657,-24.6747],[-54.671,-24.67],[-54.6733,-24.6738],[-54.6809,-24.6712],[-54.6873,-24.6883],[-54.6998,-24.6904],[-54.712,-24.677],[-54.7203,-24.677],[-54.7208,-24.6685],[-54.7279,-24.6657],[-54.7232,-24.6584],[-54.7285,-24.6521],[-54.7459,-24.6539],[-54.7446,-24.6582],[-54.751,-24.6565],[-54.7504,-24.6609],[-54.7674,-24.6559],[-54.7724,-24.6484],[-54.7801,-24.6527],[-54.785,-24.6651],[-54.7963,-24.6672],[-54.7976,-24.6754],[-54.8047,-24.6718],[-54.8069,-24.6763],[-54.8125,-24.6679],[-54.8217,-24.6687],[-54.8233,-24.6624],[-54.8291,-24.6638],[-54.8311,-24.6747],[-54.8349,-24.6687],[-54.8406,-24.6733],[-54.8357,-24.6657],[-54.8408,-24.6632],[-54.8336,-24.6562],[-54.8439,-24.6564],[-54.842,-24.6524],[-54.8467,-24.6487],[-54.8598,-24.6492],[-54.8589,-24.6419],[-54.8667,-24.6351],[-54.8989,-24.6293],[-54.897,-24.6212],[-54.8904,-24.6224],[-54.8888,-24.6167],[-54.8982,-24.6185],[-54.9041,-24.6125],[-54.9033,-24.5985],[-54.9072,-24.5989],[-54.912,-24.59],[-54.9141,-24.5738],[-54.9526,-24.5651],[-54.9624,-24.596],[-54.9789,-24.6088],[-54.9912,-24.6366],[-55.0023,-24.7094],[-55.0079,-24.7109],[-55.0041,-24.7196],[-55.0291,-24.8483]]]]}},{"type":"Feature","properties":{"n":"San Alberto","l":8,"c":[-24.842,-54.7376]},"geometry":{"type":"MultiPolygon","coordinates":[[[[-55.0709,-24.9927],[-55.058,-25],[-55.0566,-25.0091],[-55.0493,-25.0137],[-55.0246,-25.0124],[-55.013,-25.0213],[-55.0007,-25.0233],[-54.9758,-25.0506],[-54.9798,-25.0658],[-54.9748,-25.0718],[-54.9399,-25.054],[-54.8922,-25.0021],[-54.8712,-24.9985],[-54.8637,-25.0034],[-54.8515,-25.0021],[-54.842,-24.9781],[-54.8158,-24.9541],[-54.8097,-24.9552],[-54.7904,-24.9398],[-54.7802,-24.9421],[-54.7819,-24.9517],[-54.7735,-24.9556],[-54.7678,-24.9515],[-54.7607,-24.9444],[-54.7572,-24.9248],[-54.7381,-24.8876],[-54.7216,-24.8736],[-54.7122,-24.8779],[-54.6763,-24.879],[-54.6674,-24.8741],[-54.6611,-24.8575],[-54.6539,-24.8547],[-54.6394,-24.8636],[-54.6348,-24.8799],[-54.6234,-24.89],[-54.5783,-24.8674],[-54.5573,-24.8721],[-54.5041,-24.9004],[-54.4962,-24.8973],[-54.4926,-24.8871],[-54.4864,-24.884],[-54.4178,-24.893],[-54.3954,-24.8028],[-54.342,-24.7066],[-54.3876,-24.6862],[-54.4002,-24.6904],[-54.4165,-24.681],[-54.4241,-24.6859],[-54.4248,-24.7001],[-54.4428,-24.6976],[-54.4478,-24.7205],[-54.4751,-24.7264],[-54.4729,-24.7115],[-54.478,-24.7057],[-54.4989,-24.7183],[-54.505,-24.6989],[-54.5254,-24.7028],[-54.5374,-24.6914],[-54.5569,-24.7004],[-54.5604,-24.6977],[-54.5579,-24.6894],[-54.6085,-24.6956],[-54.6149,-24.7071],[-54.6355,-24.7094],[-54.6319,-24.7001],[-54.6436,-24.7029],[-54.6553,-24.7142],[-54.655,-24.7013],[-54.6819,-24.6933],[-54.6963,-24.7004],[-54.7007,-24.7136],[-54.7234,-24.7328],[-54.7277,-24.7546],[-54.7566,-24.7639],[-54.7359,-24.77],[-54.7227,-24.7823],[-54.6902,-24.7799],[-54.6759,-24.784],[-54.6654,-24.7751],[-54.6826,-24.8596],[-54.6884,-24.8574],[-54.6942,-24.8403],[-54.6991,-24.8495],[-54.6897,-24.8622],[-54.6802,-24.8656],[-54.6792,-24.8717],[-54.685,-24.8731],[-54.7172,-24.8495],[-54.7243,-24.8379],[-54.7261,-24.8438],[-54.7322,-24.8451],[-54.7403,-24.8395],[-54.7387,-24.8463],[-54.7204,-24.8495],[-54.7046,-24.8688],[-54.7074,-24.8757],[-54.7169,-24.8729],[-54.723,-24.8627],[-54.737,-24.855],[-54.7707,-24.8549],[-54.7762,-24.8495],[-54.7903,-24.8526],[-54.7952,-24.848],[-54.7956,-24.8595],[-54.791,-24.8642],[-54.8029,-24.8655],[-54.805,-24.8732],[-54.8108,-24.8698],[-54.8284,-24.8764],[-54.8378,-24.8857],[-54.8402,-24.896],[-54.8645,-24.9094],[-54.8693,-24.9246],[-54.899,-24.9438],[-54.967,-24.8817],[-54.9787,-24.8838],[-54.9865,-24.8677],[-55.0066,-24.8636],[-55.0116,-24.8551],[-55.0291,-24.8483],[-55.0471,-24.9395],[-55.0547,-24.9422],[-55.0593,-24.9781],[-55.0709,-24.9927]]]]}},{"type":"Feature","properties":{"n":"Santa Fe del Paraná","l":8,"c":[-25.1864,-54.622]},"geometry":{"type":"MultiPolygon","coordinates":[[[[-54.8749,-25.2533],[-54.8281,-25.2801],[-54.7372,-25.2786],[-54.7235,-25.2825],[-54.7014,-25.2461],[-54.6916,-25.2589],[-54.6839,-25.2614],[-54.6534,-25.2502],[-54.6459,-25.2615],[-54.6346,-25.2613],[-54.6307,-25.2793],[-54.6199,-25.287],[-54.6075,-25.2864],[-54.5848,-25.2942],[-54.5503,-25.2883],[-54.5412,-25.308],[-54.5434,-25.3215],[-54.5379,-25.346],[-54.4914,-25.2782],[-54.4743,-25.213],[-54.4617,-25.1865],[-54.4478,-25.1688],[-54.4308,-25.1701],[-54.4249,-25.1533],[-54.4459,-25.1139],[-54.4595,-25.1021],[-54.4585,-25.0815],[-54.4815,-25.0671],[-54.4873,-25.0947],[-54.5665,-25.0764],[-54.5933,-25.0839],[-54.6061,-25.0958],[-54.6449,-25.0776],[-54.6506,-25.0777],[-54.6723,-25.0959],[-54.6877,-25.0872],[-54.699,-25.088],[-54.7075,-25.0908],[-54.7232,-25.1124],[-54.7611,-25.1213],[-54.7762,-25.1303],[-54.8665,-25.2125],[-54.8639,-25.2273],[-54.8749,-25.2533]]]]}},{"type":"Feature","properties":{"n":"Yguazú","l":8,"c":[-25.4512,-55.0297]},"geometry":{"type":"MultiPolygon","coordinates":[[[[-55.3275,-25.3356],[-55.3132,-25.3415],[-55.3069,-25.3495],[-55.2966,-25.3495],[-55.211,-25.4428],[-55.0732,-25.5665],[-55.0655,-25.5655],[-55.0588,-25.573],[-55.0567,-25.5671],[-55.0483,-25.575],[-55.0465,-25.5711],[-55.0362,-25.572],[-55.0404,-25.5758],[-55.0329,-25.5803],[-55.0312,-25.5715],[-55.0249,-25.5771],[-55.0294,-25.5792],[-55.0255,-25.585],[-55.0137,-25.5822],[-55.01,-25.5893],[-54.9972,-25.5904],[-54.993,-25.5808],[-54.9733,-25.5927],[-54.9796,-25.5749],[-54.9725,-25.5832],[-54.9508,-25.5722],[-54.9117,-25.3669],[-54.8964,-25.3605],[-54.892,-25.3516],[-54.9083,-25.349],[-54.9018,-25.3354],[-54.9131,-25.3334],[-54.9204,-25.3397],[-54.9188,-25.3511],[-54.9352,-25.3549],[-54.9232,-25.3662],[-54.9333,-25.3682],[-54.9331,-25.3775],[-54.9439,-25.367],[-54.9542,-25.3707],[-54.9503,-25.3654],[-54.9604,-25.3612],[-54.97,-25.3782],[-55.0167,-25.378],[-55.0356,-25.3545],[-55.0431,-25.3195],[-55.0482,-25.3136],[-55.107,-25.3254],[-55.152,-25.3215],[-55.1767,-25.3055],[-55.2232,-25.2591],[-55.2592,-25.2502],[-55.2807,-25.2518],[-55.2947,-25.2595],[-55.3119,-25.2869],[-55.3275,-25.3356]]]]}},{"type":"Feature","properties":{"n":"Filadelfia","l":8,"c":[-21.5915,-59.9947]},"geometry":{"type":"MultiPolygon","coordinates":[[[[-60.5802,-21.8284],[-60.4932,-21.8357],[-60.5035,-22.0091],[-60.4094,-22.0078],[-60.4113,-22.2144],[-60.4148,-22.2216],[-60.0932,-22.4641],[-60.055,-22.4673],[-59.9531,-22.5187],[-59.9535,-22.4669],[-59.9914,-22.4669],[-59.9913,-22.3512],[-59.7392,-22.3492],[-59.7402,-22.0555],[-59.9524,-22.0545],[-59.9474,-21.9266],[-59.8724,-21.4472],[-59.715,-21.3459],[-59.767,-21.2013],[-59.7509,-21.1829],[-59.7558,-21.0968],[-59.7683,-21.0375],[-59.7857,-21.0221],[-59.8098,-20.9875],[-59.8149,-20.9767],[-59.8178,-20.9367],[-59.8396,-20.9031],[-59.8383,-20.8807],[-59.8631,-20.8208],[-59.8869,-20.792],[-59.8864,-20.7112],[-59.8795,-20.6304],[-59.9273,-20.6329],[-60.5364,-20.4565],[-60.5468,-21.1053],[-60.5802,-21.8284]]]]}},{"type":"Feature","properties":{"n":"Loma Plata","l":8,"c":[-22.4031,-59.7877]},"geometry":{"type":"MultiPolygon","coordinates":[[[[-59.9914,-22.4669],[-59.9535,-22.4669],[-59.9579,-22.5896],[-59.9231,-22.5895],[-59.9239,-22.6284],[-59.9155,-22.6285],[-59.9162,-22.6735],[-59.869,-22.6723],[-59.8438,-22.6344],[-59.7518,-22.5254],[-59.7472,-22.467],[-59.7122,-22.467],[-59.7118,-22.428],[-59.6262,-22.428],[-59.6398,-22.3886],[-59.6393,-22.3689],[-59.6144,-22.3411],[-59.6144,-22.3359],[-59.3366,-22.1704],[-59.3677,-22.0762],[-59.4164,-22.0565],[-59.7402,-22.0555],[-59.7392,-22.3492],[-59.9913,-22.3512],[-59.9914,-22.4669]]]]}},{"type":"Feature","properties":{"n":"Mariscal Estigarribia","l":8,"c":[-22.9262,-61.649]},"geometry":{"type":"MultiPolygon","coordinates":[[[[-62.6407,-22.2362],[-62.6325,-22.2416],[-62.6291,-22.2542],[-62.6269,-22.2824],[-62.6362,-22.2885],[-62.6376,-22.2947],[-62.6337,-22.3069],[-62.6059,-22.3009],[-62.6097,-22.3073],[-62.6063,-22.3144],[-62.5923,-22.3237],[-62.578,-22.3208],[-62.5667,-22.3285],[-62.5522,-22.3301],[-62.551,-22.3454],[-62.5308,-22.3578],[-62.5406,-22.3619],[-62.5372,-22.3749],[-62.5288,-22.3714],[-62.5098,-22.3803],[-62.4865,-22.373],[-62.4629,-22.3771],[-62.46,-22.3812],[-62.4654,-22.3856],[-62.4672,-22.3983],[-62.4571,-22.3989],[-62.4535,-22.4183],[-62.4213,-22.4211],[-62.4177,-22.4265],[-62.4208,-22.4332],[-62.4072,-22.4522],[-62.3886,-22.4488],[-62.3897,-22.4556],[-62.3721,-22.4692],[-62.3684,-22.4686],[-62.3652,-22.4534],[-62.3587,-22.4631],[-62.342,-22.4592],[-62.3392,-22.4616],[-62.3445,-22.4717],[-62.3374,-22.4818],[-62.3142,-22.4814],[-62.2979,-22.4877],[-62.2949,-22.4789],[-62.2883,-22.4765],[-62.2845,-22.4922],[-62.2873,-22.5082],[-62.2963,-22.5191],[-62.2816,-22.5246],[-62.2675,-22.5194],[-62.2546,-22.5211],[-62.2512,-22.5356],[-62.2256,-22.5465],[-62.2253,-22.5602],[-62.2506,-22.5821],[-62.2394,-22.5917],[-62.2556,-22.5905],[-62.2585,-22.5961],[-62.248,-22.6151],[-62.2339,-22.6128],[-62.2387,-22.6242],[-62.2371,-22.6471],[-62.223,-22.6444],[-62.2052,-22.6512],[-62.2177,-22.6594],[-62.2017,-22.6691],[-62.2049,-22.6867],[-62.1941,-22.7007],[-62.2009,-22.7097],[-62.1903,-22.7198],[-62.1819,-22.7082],[-62.1732,-22.7105],[-62.1772,-22.7205],[-62.1473,-22.7484],[-62.165,-22.7448],[-62.158,-22.7601],[-62.1384,-22.7616],[-62.1474,-22.7647],[-62.1351,-22.7705],[-62.1396,-22.7807],[-62.123,-22.7956],[-62.1154,-22.795],[-62.1081,-22.8197],[-62.0964,-22.8052],[-62.0887,-22.8267],[-62.0767,-22.827],[-62.0721,-22.8469],[-62.0602,-22.8484],[-62.0571,-22.8628],[-62.0413,-22.8685],[-62.0316,-22.8995],[-62.0216,-22.908],[-62.028,-22.9195],[-62.0249,-22.9278],[-62.0181,-22.9234],[-62.0078,-22.9336],[-62.0061,-22.9263],[-61.9996,-22.9296],[-62.0038,-22.9393],[-61.9959,-22.9515],[-62.0084,-22.9642],[-62.0103,-22.9764],[-61.9961,-22.9669],[-61.994,-22.9762],[-62.0026,-22.9803],[-62.006,-22.9884],[-62.0021,-22.9948],[-61.9973,-22.9902],[-61.9925,-22.9922],[-61.9971,-23.0102],[-61.9895,-23.0029],[-61.9827,-23.023],[-61.9744,-23.0279],[-61.9556,-23.0251],[-61.9536,-23.0469],[-61.9408,-23.0442],[-61.9297,-23.0566],[-61.9273,-23.0709],[-61.914,-23.0633],[-61.8877,-23.0792],[-61.8949,-23.0813],[-61.8901,-23.0841],[-61.8553,-23.09],[-61.8489,-23.0978],[-61.8499,-23.1046],[-61.8233,-23.1273],[-61.821,-23.1426],[-61.8041,-23.1567],[-61.7906,-23.1646],[-61.78,-23.1606],[-61.7788,-23.1651],[-61.7656,-23.1581],[-61.7671,-23.1687],[-61.7492,-23.1762],[-61.7331,-23.2087],[-61.7387,-23.2151],[-61.7319,-23.2417],[-61.7143,-23.2391],[-61.6986,-23.2499],[-61.7002,-23.2554],[-61.6827,-23.2595],[-61.6859,-23.2652],[-61.6831,-23.276],[-61.6702,-23.286],[-61.627,-23.2777],[-61.5989,-23.2836],[-61.6039,-23.2919],[-61.5756,-23.3142],[-61.5603,-23.3408],[-61.5094,-23.3499],[-61.5122,-23.3592],[-61.5236,-23.3673],[-61.5203,-23.3806],[-61.5122,-23.3869],[-61.5011,-23.4106],[-61.4869,-23.4238],[-61.4852,-23.4184],[-61.4731,-23.4213],[-61.4733,-23.427],[-61.458,-23.4179],[-61.4537,-23.418],[-61.4557,-23.4256],[-61.4451,-23.4201],[-61.4373,-23.4327],[-61.4172,-23.4484],[-61.4033,-23.4447],[-61.3871,-23.4605],[-61.3811,-23.4578],[-61.388,-23.4532],[-61.3856,-23.4466],[-61.3749,-23.4562],[-61.3517,-23.4479],[-61.3463,-23.4688],[-61.3424,-23.466],[-61.336,-23.4707],[-61.3253,-23.4664],[-61.317,-23.4697],[-61.3025,-23.4901],[-61.2962,-23.487],[-61.2947,-23.4987],[-61.2894,-23.4874],[-61.2829,-23.4875],[-61.275,-23.5121],[-61.2627,-23.5169],[-61.264,-23.5273],[-61.2589,-23.5284],[-61.2553,-23.5232],[-61.2519,-23.5323],[-61.2255,-23.5504],[-61.2247,-23.5553],[-61.1825,-23.5547],[-61.1492,-23.5861],[-61.113,-23.5974],[-61.0958,-23.6128],[-61.0882,-23.6139],[-61.089,-23.6204],[-61.0982,-23.6221],[-61.0999,-23.6283],[-61.0892,-23.6396],[-61.0895,-23.6466],[-61.0997,-23.6556],[-61.0922,-23.6668],[-61.0794,-23.6712],[-61.0856,-23.6752],[-61.0794,-23.6833],[-61.0806,-23.6908],[-61.0575,-23.7071],[-61.0471,-23.727],[-61.0388,-23.7333],[-61.0398,-23.741],[-61.0124,-23.7615],[-61.0184,-23.7707],[-61.0159,-23.7784],[-61.0105,-23.7785],[-60.9996,-23.7914],[-60.9899,-23.8181],[-60.9678,-23.8228],[-60.9525,-23.8164],[-60.9214,-23.8231],[-60.8753,-23.8497],[-60.8594,-23.8694],[-60.8492,-23.8739],[-60.7603,-23.8725],[-60.7639,-23.8578],[-60.7733,-23.8501],[-60.7733,-23.8363],[-60.7816,-23.8302],[-60.7802,-23.801],[-60.7844,-23.7899],[-60.6898,-23.7323],[-60.6698,-23.7021],[-60.6752,-23.5922],[-60.6017,-23.611],[-60.5791,-23.5826],[-60.581,-23.5749],[-60.5713,-23.5723],[-60.2027,-23.5329],[-60.1863,-23.5246],[-60.1369,-23.5126],[-60.0927,-23.4928],[-60.0768,-23.4585],[-60.0569,-23.3762],[-59.979,-23.173],[-59.9923,-23.1575],[-59.9584,-23.0673],[-59.9707,-22.9688],[-59.9751,-22.8186],[-59.9664,-22.8023],[-59.9449,-22.7969],[-59.9488,-22.7824],[-59.9379,-22.7792],[-59.9398,-22.7695],[-59.869,-22.6723],[-59.9162,-22.6735],[-59.9155,-22.6285],[-59.9239,-22.6284],[-59.9231,-22.5895],[-59.9579,-22.5896],[-59.9531,-22.5187],[-60.055,-22.4673],[-60.0938,-22.4637],[-60.4148,-22.2216],[-60.4113,-22.2144],[-60.4094,-22.0078],[-60.5035,-22.0091],[-60.4932,-21.8357],[-60.5802,-21.8284],[-60.5468,-21.1053],[-60.5364,-20.4565],[-61.5144,-20.1826],[-61.5499,-20.1747],[-61.6201,-20.1701],[-61.6455,-20.1532],[-61.6983,-20.1042],[-61.7186,-20.0966],[-61.737,-20.0982],[-61.7557,-20.1089],[-61.7687,-20.1096],[-61.9225,-20.0892],[-62.2663,-20.5632],[-62.2579,-20.9895],[-62.2609,-21.0586],[-62.6407,-22.2362]]]]}},{"type":"Feature","properties":{"n":"Bahía Negra","l":8,"c":[-20.2854,-58.4614]},"geometry":{"type":"MultiPolygon","coordinates":[[[[-61.9225,-20.0892],[-61.7687,-20.1096],[-61.7557,-20.1089],[-61.737,-20.0982],[-61.7186,-20.0966],[-61.6983,-20.1042],[-61.6455,-20.1532],[-61.6201,-20.1701],[-61.5499,-20.1747],[-61.5144,-20.1826],[-60.5358,-20.4567],[-59.9273,-20.6329],[-59.8795,-20.6304],[-59.7672,-20.4148],[-59.7593,-20.3974],[-59.7593,-20.2817],[-59.5785,-20.2812],[-59.5803,-20.1383],[-59.2851,-20.1368],[-59.2788,-20.1305],[-59.2713,-20.1303],[-58.8031,-20.1343],[-58.468,-20.2856],[-58.4647,-20.4673],[-58.4723,-20.4774],[-58.4765,-20.4705],[-58.5114,-20.4812],[-58.4853,-20.5229],[-58.4713,-20.5107],[-58.4719,-20.5045],[-58.4566,-20.4949],[-58.4438,-20.4949],[-58.3852,-20.4764],[-58.3709,-20.4508],[-58.3326,-20.4519],[-58.3197,-20.4352],[-58.2866,-20.4261],[-58.2802,-20.4215],[-58.2635,-20.3861],[-58.254,-20.391],[-58.2596,-20.4146],[-58.2418,-20.4257],[-58.2298,-20.4228],[-58.2141,-20.4279],[-58.1788,-20.4474],[-58.1725,-20.445],[-58.1688,-20.4344],[-58.144,-20.4429],[-58.1419,-20.4382],[-58.1274,-20.4359],[-58.1075,-20.4563],[-58.1034,-20.455],[-58.0937,-20.4714],[-58.0805,-20.4712],[-58.0861,-20.4883],[-58.0793,-20.4949],[-58.0813,-20.5084],[-58.0761,-20.5106],[-58.0769,-20.5167],[-58.0559,-20.5231],[-58.0536,-20.5297],[-58.0477,-20.5252],[-58.0484,-20.5193],[-58.0576,-20.5153],[-58.0607,-20.5084],[-58.0715,-20.5064],[-58.0657,-20.4999],[-58.0717,-20.4915],[-58.0623,-20.4886],[-58.0571,-20.4991],[-58.0511,-20.4995],[-58.0562,-20.4842],[-58.0423,-20.4691],[-58.0444,-20.461],[-58.0356,-20.4606],[-58.0362,-20.4773],[-58.027,-20.4868],[-58.0309,-20.5005],[-58.0185,-20.5016],[-58.016,-20.4839],[-57.9963,-20.4479],[-58.0029,-20.4273],[-58.0222,-20.4004],[-58.0438,-20.3988],[-58.0719,-20.3883],[-58.0934,-20.3555],[-58.1023,-20.3227],[-58.0891,-20.2792],[-58.096,-20.2545],[-58.119,-20.249],[-58.1435,-20.2718],[-58.1622,-20.2595],[-58.1649,-20.2288],[-58.1519,-20.2134],[-58.1301,-20.2079],[-58.1215,-20.1925],[-58.128,-20.183],[-58.1433,-20.1794],[-58.1553,-20.1821],[-58.1688,-20.1729],[-58.1682,-20.1534],[-58.1448,-20.138],[-58.1379,-20.1201],[-58.1441,-20.1004],[-58.1555,-20.0858],[-58.1541,-20.0766],[-58.1631,-20.0775],[-58.163,-20.0574],[-58.1678,-20.0503],[-58.1574,-20.0427],[-58.1759,-20.0286],[-58.1735,-20.0192],[-58.1779,-20.0147],[-58.1772,-19.9996],[-58.1864,-19.9698],[-58.1944,-19.9595],[-58.2011,-19.9619],[-58.214,-19.9534],[-58.197,-19.9248],[-58.2056,-19.8931],[-58.202,-19.8627],[-58.1639,-19.8273],[-58.236,-19.775],[-59.0689,-19.2876],[-59.9778,-19.2947],[-60.6043,-19.4566],[-61.7352,-19.6344],[-61.9225,-20.0892]]]]}},{"type":"Feature","properties":{"n":"Carmelo Peralta","l":8,"c":[-21.4722,-58.2738]},"geometry":{"type":"MultiPolygon","coordinates":[[[[-58.7762,-21.5045],[-58.7581,-21.5297],[-58.7568,-21.574],[-58.7202,-21.5752],[-58.7203,-21.69],[-58.7081,-21.6924],[-58.7089,-21.8078],[-58.6838,-21.8081],[-58.6739,-21.8499],[-58.6687,-21.8762],[-58.6859,-21.8806],[-58.6757,-21.9487],[-58.6592,-21.9452],[-58.5631,-21.807],[-58.3847,-21.8082],[-58.3849,-21.9509],[-58.3337,-21.9499],[-58.2354,-22.0327],[-58.1747,-22.0203],[-58.1581,-22.0431],[-58.104,-22.0432],[-58.0947,-22.0268],[-58.0161,-22.0372],[-58.0099,-22.0434],[-57.9988,-22.0281],[-57.9682,-22.0092],[-57.9645,-21.9821],[-57.935,-21.9228],[-57.9356,-21.9166],[-57.949,-21.908],[-57.9487,-21.9013],[-57.9341,-21.8889],[-57.9166,-21.8898],[-57.9128,-21.8827],[-57.9283,-21.8685],[-57.966,-21.8505],[-57.9638,-21.844],[-57.9325,-21.8267],[-57.9087,-21.7735],[-57.9404,-21.7582],[-57.9471,-21.7441],[-57.937,-21.7306],[-57.8973,-21.7056],[-57.8832,-21.6879],[-57.8876,-21.6811],[-57.9214,-21.6653],[-57.9324,-21.6542],[-57.9429,-21.6224],[-57.9147,-21.5963],[-57.9139,-21.5902],[-57.9221,-21.5799],[-57.9597,-21.5631],[-57.9676,-21.5406],[-57.968,-21.5243],[-57.9624,-21.5119],[-57.9429,-21.4961],[-57.9318,-21.4797],[-57.9253,-21.4631],[-57.9263,-21.4487],[-57.9096,-21.4205],[-57.9088,-21.4042],[-57.8918,-21.3777],[-57.8608,-21.3503],[-57.8535,-21.3311],[-57.8541,-21.3169],[-57.8996,-21.3053],[-57.9199,-21.2859],[-57.9215,-21.2782],[-57.977,-21.3],[-58.0381,-21.3067],[-58.0864,-21.3829],[-58.0857,-21.3762],[-58.0906,-21.3776],[-58.0905,-21.3683],[-58.0979,-21.3624],[-58.0957,-21.3588],[-58.1174,-21.3505],[-58.1189,-21.3543],[-58.1288,-21.3525],[-58.1301,-21.3588],[-58.1396,-21.3546],[-58.1462,-21.3601],[-58.1441,-21.3642],[-58.15,-21.3627],[-58.1473,-21.3657],[-58.1522,-21.3675],[-58.1514,-21.3755],[-58.1606,-21.3673],[-58.1547,-21.3619],[-58.1755,-21.3514],[-58.1763,-21.357],[-58.1862,-21.3589],[-58.1859,-21.3628],[-58.1917,-21.36],[-58.1902,-21.3696],[-58.2003,-21.3749],[-58.2039,-21.3696],[-58.2154,-21.3764],[-58.2243,-21.3715],[-58.2322,-21.3795],[-58.2445,-21.3821],[-58.271,-21.3633],[-58.2647,-21.3512],[-58.271,-21.3518],[-58.2761,-21.3379],[-58.2809,-21.3417],[-58.2858,-21.3387],[-58.2845,-21.3445],[-58.2899,-21.3401],[-58.2903,-21.3451],[-58.3063,-21.35],[-58.3289,-21.3483],[-58.3367,-21.3533],[-58.3469,-21.349],[-58.353,-21.3524],[-58.3487,-21.3451],[-58.3768,-21.3489],[-58.3844,-21.3381],[-58.402,-21.3445],[-58.4099,-21.3386],[-58.4112,-21.3466],[-58.439,-21.35],[-58.4434,-21.3572],[-58.4488,-21.3519],[-58.447,-21.3464],[-58.4521,-21.3464],[-58.4498,-21.3498],[-58.4538,-21.3527],[-58.4614,-21.3509],[-58.4656,-21.3572],[-58.4687,-21.3474],[-58.472,-21.36],[-58.4793,-21.3576],[-58.4903,-21.3659],[-58.493,-21.3623],[-58.4972,-21.3721],[-58.4917,-21.3751],[-58.4968,-21.379],[-58.4949,-21.3852],[-58.5182,-21.385],[-58.5574,-21.3951],[-58.5789,-21.3891],[-58.5846,-21.4014],[-58.6136,-21.4055],[-58.6391,-21.39],[-58.6384,-21.3999],[-58.6567,-21.4248],[-58.6694,-21.4336],[-58.6764,-21.429],[-58.6899,-21.4444],[-58.7009,-21.4453],[-58.6996,-21.466],[-58.7052,-21.4685],[-58.7017,-21.4749],[-58.7092,-21.4758],[-58.7169,-21.4661],[-58.7198,-21.4834],[-58.726,-21.4815],[-58.7501,-21.4891],[-58.7648,-21.5081],[-58.7762,-21.5045]]]]}},{"type":"Feature","properties":{"n":"Fuerte Olimpo","l":8,"c":[-21.0119,-58.5395]},"geometry":{"type":"MultiPolygon","coordinates":[[[[-59.8871,-20.7569],[-59.8869,-20.792],[-59.8631,-20.8208],[-59.8383,-20.8807],[-59.8396,-20.9031],[-59.8178,-20.9367],[-59.8149,-20.9767],[-59.7857,-21.0221],[-59.7683,-21.0375],[-59.7558,-21.0968],[-59.7509,-21.1829],[-59.767,-21.2013],[-59.4973,-21.1979],[-59.4586,-21.2993],[-59.4386,-21.2746],[-59.395,-21.2668],[-59.359,-21.2448],[-59.3248,-21.2342],[-59.3155,-21.2362],[-59.2732,-21.2275],[-59.2556,-21.2304],[-59.2366,-21.2117],[-59.2149,-21.2076],[-59.2068,-21.2116],[-59.1872,-21.2025],[-59.179,-21.2026],[-59.1732,-21.2101],[-59.1582,-21.2115],[-59.1551,-21.2063],[-59.1452,-21.2133],[-59.129,-21.2144],[-59.1221,-21.2037],[-59.1048,-21.1965],[-59.0889,-21.2037],[-59.0809,-21.2224],[-59.073,-21.2229],[-59.0666,-21.2344],[-59.0512,-21.2223],[-59.0359,-21.2184],[-59.0338,-21.2114],[-59.0258,-21.2123],[-59.0016,-21.2013],[-58.9875,-21.2082],[-58.992,-21.2135],[-58.9853,-21.21],[-58.9745,-21.2172],[-58.961,-21.2098],[-58.9579,-21.2012],[-58.9451,-21.1981],[-58.9392,-21.2206],[-58.9206,-21.2209],[-58.9204,-21.2043],[-58.9094,-21.2023],[-58.9113,-21.1966],[-58.9058,-21.1936],[-58.903,-21.1815],[-58.8929,-21.1799],[-58.8889,-21.172],[-58.8808,-21.1691],[-58.8776,-21.1588],[-58.8704,-21.1603],[-58.8578,-21.1502],[-58.8564,-21.1535],[-58.8492,-21.1508],[-58.8414,-21.161],[-58.8369,-21.1585],[-58.8266,-21.1629],[-58.8185,-21.154],[-58.8163,-21.1569],[-58.7869,-21.1415],[-58.7759,-21.13],[-58.7607,-21.1384],[-58.7521,-21.1374],[-58.7456,-21.1287],[-58.7463,-21.118],[-58.7322,-21.0987],[-58.7243,-21.1067],[-58.7014,-21.1077],[-58.6025,-21.0906],[-58.5879,-21.101],[-58.5684,-21.1051],[-58.559,-21.1177],[-58.5547,-21.1161],[-58.5503,-21.1332],[-58.5332,-21.1207],[-58.525,-21.1214],[-58.5275,-21.1158],[-58.523,-21.1095],[-58.5149,-21.1101],[-58.5113,-21.1001],[-58.5016,-21.0988],[-58.5013,-21.0935],[-58.4891,-21.0841],[-58.4772,-21.0847],[-58.4781,-21.0882],[-58.4717,-21.0899],[-58.4713,-21.0837],[-58.4561,-21.0855],[-58.4452,-21.0925],[-58.4446,-21.0983],[-58.4331,-21.0964],[-58.4246,-21.1096],[-58.4149,-21.1105],[-58.416,-21.1035],[-58.3996,-21.1106],[-58.3958,-21.0953],[-58.3887,-21.0958],[-58.3841,-21.0886],[-58.3632,-21.0906],[-58.3656,-21.0868],[-58.3611,-21.0848],[-58.3441,-21.0883],[-58.338,-21.0847],[-58.3402,-21.0805],[-58.3319,-21.0821],[-58.3239,-21.0714],[-58.3183,-21.0776],[-58.3149,-21.0718],[-58.3079,-21.0728],[-58.3045,-21.0881],[-58.2947,-21.0841],[-58.2841,-21.0869],[-58.2852,-21.0725],[-58.2741,-21.0745],[-58.2737,-21.0656],[-58.2626,-21.0657],[-58.2555,-21.0532],[-58.2501,-21.0511],[-58.2447,-21.0552],[-58.2424,-21.0511],[-58.2343,-21.0575],[-58.2341,-21.0507],[-58.2273,-21.0509],[-58.2222,-21.0598],[-58.2146,-21.052],[-58.2076,-21.0526],[-58.2085,-21.0476],[-58.2012,-21.0507],[-58.2006,-21.0556],[-58.198,-21.0486],[-58.1935,-21.0517],[-58.1943,-21.0467],[-58.1869,-21.045],[-58.1741,-21.0613],[-58.1785,-21.0645],[-58.1719,-21.0672],[-58.1544,-21.0596],[-58.1459,-21.0656],[-58.1449,-21.06],[-58.1378,-21.0595],[-58.1388,-21.0534],[-58.1332,-21.0554],[-58.1331,-21.0625],[-58.1286,-21.0571],[-58.1223,-21.0634],[-58.1224,-21.0582],[-58.1077,-21.064],[-58.0941,-21.0586],[-58.0883,-21.0672],[-58.0857,-21.0606],[-58.0856,-21.0685],[-58.0789,-21.0654],[-58.0781,-21.0741],[-58.0751,-21.071],[-58.0712,-21.0782],[-58.0647,-21.0722],[-58.0506,-21.0814],[-58.0384,-21.0832],[-58.0393,-21.0795],[-58.0338,-21.0793],[-58.032,-21.0841],[-58.0274,-21.0752],[-58.0245,-21.0804],[-58.0155,-21.068],[-57.9915,-21.0604],[-57.9736,-21.0665],[-57.9527,-21.0653],[-57.9474,-21.0706],[-57.9456,-21.0671],[-57.9431,-21.0727],[-57.9391,-21.0696],[-57.9397,-21.0791],[-57.9289,-21.0891],[-57.9262,-21.0844],[-57.9184,-21.0912],[-57.9176,-21.0873],[-57.9108,-21.0907],[-57.9032,-21.0879],[-57.8991,-21.0937],[-57.8941,-21.0902],[-57.8927,-21.0955],[-57.8484,-21.094],[-57.8671,-21.0625],[-57.8677,-21.0418],[-57.8165,-20.9796],[-57.8244,-20.9627],[-57.8187,-20.9466],[-57.8217,-20.9353],[-57.8296,-20.9339],[-57.8494,-20.9483],[-57.8638,-20.9485],[-57.8747,-20.9386],[-57.8813,-20.9142],[-57.8891,-20.9064],[-57.9015,-20.9022],[-57.9226,-20.9045],[-57.9284,-20.9004],[-57.9272,-20.8931],[-57.9045,-20.871],[-57.8577,-20.8507],[-57.8552,-20.834],[-57.8651,-20.8163],[-57.8986,-20.7887],[-57.9405,-20.8005],[-57.9563,-20.7993],[-57.9618,-20.7916],[-57.9348,-20.7457],[-57.9193,-20.7424],[-57.8756,-20.7503],[-57.8639,-20.745],[-57.8699,-20.7256],[-57.9197,-20.665],[-57.9337,-20.6668],[-57.9549,-20.7042],[-57.976,-20.7068],[-57.9885,-20.6988],[-57.99,-20.6913],[-57.9705,-20.6426],[-57.9925,-20.6329],[-58.0138,-20.6107],[-58.0104,-20.5965],[-57.998,-20.5781],[-57.9952,-20.5616],[-58.0161,-20.5272],[-58.0185,-20.5016],[-58.0309,-20.5005],[-58.027,-20.4868],[-58.0362,-20.4773],[-58.0341,-20.4615],[-58.0444,-20.461],[-58.0423,-20.4691],[-58.0562,-20.4842],[-58.0511,-20.4995],[-58.0571,-20.4991],[-58.0623,-20.4886],[-58.0717,-20.4915],[-58.0657,-20.4999],[-58.0715,-20.5064],[-58.0607,-20.5084],[-58.0576,-20.5153],[-58.0484,-20.5193],[-58.0477,-20.5252],[-58.0536,-20.5297],[-58.0559,-20.5231],[-58.0769,-20.5167],[-58.0761,-20.5106],[-58.0813,-20.5084],[-58.0793,-20.4949],[-58.0861,-20.4883],[-58.0805,-20.4712],[-58.0937,-20.4714],[-58.1034,-20.455],[-58.1075,-20.4563],[-58.1274,-20.4359],[-58.1419,-20.4382],[-58.144,-20.4429],[-58.1688,-20.4344],[-58.1725,-20.445],[-58.1788,-20.4474],[-58.2141,-20.4279],[-58.2298,-20.4228],[-58.2418,-20.4257],[-58.2596,-20.4146],[-58.254,-20.391],[-58.2635,-20.3861],[-58.2802,-20.4215],[-58.2866,-20.4261],[-58.3197,-20.4352],[-58.3326,-20.4519],[-58.3709,-20.4508],[-58.3852,-20.4764],[-58.4438,-20.4949],[-58.4566,-20.4949],[-58.4719,-20.5045],[-58.4713,-20.5107],[-58.4853,-20.5229],[-58.5114,-20.4812],[-58.4765,-20.4705],[-58.4723,-20.4774],[-58.4647,-20.4673],[-58.468,-20.2856],[-58.8031,-20.1343],[-59.2713,-20.1303],[-59.2788,-20.1305],[-59.2851,-20.1368],[-59.5803,-20.1383],[-59.5785,-20.2812],[-59.7593,-20.2817],[-59.7593,-20.3974],[-59.8323,-20.5444],[-59.8776,-20.6245],[-59.8853,-20.6873],[-59.8871,-20.7569]]]]}},{"type":"Feature","properties":{"n":"Puerto Casado","l":8,"c":[-21.2639,-58.5326]},"geometry":{"type":"MultiPolygon","coordinates":[[[[-59.9523,-22.0378],[-59.9524,-22.0545],[-59.4129,-22.0568],[-59.2016,-22.1479],[-59.0184,-22.1501],[-58.9856,-22.16],[-58.9626,-22.1504],[-58.8566,-22.1512],[-58.8432,-22.1568],[-58.7523,-22.1574],[-58.7371,-22.1525],[-58.659,-22.154],[-58.649,-22.1583],[-58.6419,-22.1544],[-58.4736,-22.1562],[-58.4597,-22.1568],[-58.4523,-22.1636],[-58.3967,-22.179],[-58.2669,-22.1795],[-58.2419,-22.1898],[-58.2374,-22.1984],[-58.2455,-22.2405],[-58.2027,-22.2825],[-58.1856,-22.3494],[-57.8398,-22.4002],[-57.829,-22.3964],[-57.8193,-22.387],[-57.8175,-22.3778],[-57.8784,-22.328],[-57.887,-22.2694],[-57.9046,-22.2673],[-57.9458,-22.2796],[-57.9542,-22.271],[-57.9602,-22.236],[-57.9755,-22.2159],[-57.9555,-22.1344],[-57.9643,-22.1194],[-57.9937,-22.1011],[-57.9938,-22.0902],[-57.9837,-22.0735],[-57.9853,-22.0614],[-58.0045,-22.0523],[-58.0161,-22.0372],[-58.0276,-22.0385],[-58.0641,-22.0287],[-58.0962,-22.0271],[-58.104,-22.0432],[-58.1581,-22.0431],[-58.1747,-22.0203],[-58.2351,-22.0328],[-58.3337,-21.9499],[-58.3849,-21.9509],[-58.3847,-21.8082],[-58.5631,-21.807],[-58.6592,-21.9452],[-58.6757,-21.9487],[-58.6859,-21.8806],[-58.6687,-21.8762],[-58.6739,-21.8499],[-58.6838,-21.8081],[-58.7089,-21.8078],[-58.7081,-21.6924],[-58.7203,-21.69],[-58.7202,-21.5752],[-58.7568,-21.574],[-58.7581,-21.5297],[-58.7762,-21.5045],[-58.7648,-21.5081],[-58.7501,-21.4891],[-58.726,-21.4815],[-58.7198,-21.4834],[-58.7169,-21.4661],[-58.7092,-21.4758],[-58.7017,-21.4749],[-58.7052,-21.4685],[-58.6996,-21.466],[-58.7009,-21.4453],[-58.6899,-21.4444],[-58.6764,-21.429],[-58.6694,-21.4336],[-58.6567,-21.4248],[-58.6384,-21.3999],[-58.6391,-21.39],[-58.6136,-21.4055],[-58.5846,-21.4014],[-58.5789,-21.3891],[-58.5574,-21.3951],[-58.5182,-21.385],[-58.4949,-21.3852],[-58.4968,-21.379],[-58.4917,-21.3751],[-58.4972,-21.3721],[-58.493,-21.3623],[-58.4903,-21.3659],[-58.4793,-21.3576],[-58.472,-21.36],[-58.4687,-21.3474],[-58.4656,-21.3572],[-58.4614,-21.3509],[-58.4538,-21.3527],[-58.4498,-21.3498],[-58.4521,-21.3464],[-58.447,-21.3464],[-58.4488,-21.3519],[-58.4434,-21.3572],[-58.439,-21.35],[-58.4112,-21.3466],[-58.4099,-21.3386],[-58.402,-21.3445],[-58.3844,-21.3381],[-58.3768,-21.3489],[-58.3487,-21.3451],[-58.353,-21.3524],[-58.3469,-21.349],[-58.3367,-21.3533],[-58.3289,-21.3483],[-58.3063,-21.35],[-58.2903,-21.3451],[-58.2899,-21.3401],[-58.2845,-21.3445],[-58.2858,-21.3387],[-58.2809,-21.3417],[-58.2761,-21.3379],[-58.271,-21.3518],[-58.2647,-21.3512],[-58.271,-21.3633],[-58.2445,-21.3821],[-58.2322,-21.3795],[-58.2243,-21.3715],[-58.2154,-21.3764],[-58.2039,-21.3696],[-58.2003,-21.3749],[-58.1902,-21.3696],[-58.1917,-21.36],[-58.1859,-21.3628],[-58.1862,-21.3589],[-58.1763,-21.357],[-58.1755,-21.3514],[-58.1547,-21.3619],[-58.1606,-21.3673],[-58.1514,-21.3755],[-58.1522,-21.3675],[-58.1473,-21.3657],[-58.15,-21.3627],[-58.1441,-21.3642],[-58.1462,-21.3601],[-58.1396,-21.3546],[-58.1301,-21.3588],[-58.1288,-21.3525],[-58.1189,-21.3543],[-58.1174,-21.3505],[-58.0957,-21.3588],[-58.0979,-21.3624],[-58.0905,-21.3683],[-58.0906,-21.3776],[-58.0857,-21.3762],[-58.0864,-21.3829],[-58.0381,-21.3067],[-57.977,-21.3],[-57.9481,-21.2911],[-57.9207,-21.2786],[-57.8549,-21.231],[-57.8479,-21.1924],[-57.8644,-21.1375],[-57.8468,-21.0956],[-57.8927,-21.0955],[-57.8941,-21.0902],[-57.8991,-21.0937],[-57.9032,-21.0879],[-57.9108,-21.0907],[-57.9176,-21.0873],[-57.9184,-21.0912],[-57.9262,-21.0844],[-57.9323,-21.0883],[-57.9398,-21.0789],[-57.9391,-21.0696],[-57.9431,-21.0727],[-57.9456,-21.0671],[-57.9474,-21.0706],[-57.9527,-21.0653],[-57.9736,-21.0665],[-57.9915,-21.0604],[-58.0155,-21.068],[-58.0245,-21.0804],[-58.0274,-21.0752],[-58.032,-21.0841],[-58.0338,-21.0793],[-58.0393,-21.0795],[-58.0384,-21.0832],[-58.0506,-21.0814],[-58.0647,-21.0722],[-58.0712,-21.0782],[-58.0751,-21.071],[-58.0781,-21.0741],[-58.0789,-21.0654],[-58.0856,-21.0685],[-58.0857,-21.0606],[-58.0883,-21.0672],[-58.0941,-21.0586],[-58.1077,-21.064],[-58.1224,-21.0582],[-58.1223,-21.0634],[-58.1286,-21.0571],[-58.1331,-21.0625],[-58.1332,-21.0554],[-58.1388,-21.0534],[-58.1378,-21.0595],[-58.1449,-21.06],[-58.1459,-21.0656],[-58.1544,-21.0596],[-58.1719,-21.0672],[-58.1785,-21.0645],[-58.1741,-21.0613],[-58.1869,-21.045],[-58.1943,-21.0467],[-58.1935,-21.0517],[-58.198,-21.0486],[-58.2006,-21.0556],[-58.2012,-21.0507],[-58.2085,-21.0476],[-58.2076,-21.0526],[-58.2146,-21.052],[-58.2222,-21.0598],[-58.2273,-21.0509],[-58.2341,-21.0507],[-58.2343,-21.0575],[-58.2424,-21.0511],[-58.2447,-21.0552],[-58.2501,-21.0511],[-58.2555,-21.0532],[-58.2626,-21.0657],[-58.2737,-21.0656],[-58.2741,-21.0745],[-58.2852,-21.0725],[-58.2841,-21.0869],[-58.2947,-21.0841],[-58.3045,-21.0881],[-58.3079,-21.0728],[-58.3149,-21.0718],[-58.3183,-21.0776],[-58.3239,-21.0714],[-58.3319,-21.0821],[-58.3402,-21.0805],[-58.3392,-21.0869],[-58.3611,-21.0848],[-58.3656,-21.0868],[-58.3632,-21.0906],[-58.3778,-21.0919],[-58.3841,-21.0886],[-58.3887,-21.0958],[-58.3958,-21.0953],[-58.3996,-21.1106],[-58.416,-21.1035],[-58.4149,-21.1105],[-58.4246,-21.1096],[-58.4331,-21.0964],[-58.4446,-21.0983],[-58.4452,-21.0925],[-58.4561,-21.0855],[-58.4713,-21.0837],[-58.4717,-21.0899],[-58.4781,-21.0882],[-58.4772,-21.0847],[-58.4891,-21.0841],[-58.5013,-21.0935],[-58.5016,-21.0988],[-58.5113,-21.1001],[-58.5149,-21.1101],[-58.523,-21.1095],[-58.5275,-21.1158],[-58.525,-21.1214],[-58.5332,-21.1207],[-58.5503,-21.1332],[-58.5547,-21.1161],[-58.559,-21.1177],[-58.5684,-21.1051],[-58.5879,-21.101],[-58.6025,-21.0906],[-58.7014,-21.1077],[-58.7243,-21.1067],[-58.7322,-21.0987],[-58.7463,-21.118],[-58.7456,-21.1287],[-58.7521,-21.1374],[-58.7607,-21.1384],[-58.7759,-21.13],[-58.7869,-21.1415],[-58.8163,-21.1569],[-58.8185,-21.154],[-58.8266,-21.1629],[-58.8369,-21.1585],[-58.8414,-21.161],[-58.8492,-21.1508],[-58.8564,-21.1535],[-58.8578,-21.1502],[-58.8704,-21.1603],[-58.8776,-21.1588],[-58.8808,-21.1691],[-58.8889,-21.172],[-58.8929,-21.1799],[-58.903,-21.1815],[-58.9058,-21.1936],[-58.9113,-21.1966],[-58.9094,-21.2023],[-58.9204,-21.2043],[-58.9206,-21.2209],[-58.9392,-21.2206],[-58.9451,-21.1981],[-58.9579,-21.2012],[-58.961,-21.2098],[-58.9745,-21.2172],[-58.9853,-21.21],[-58.992,-21.2135],[-58.9875,-21.2082],[-59.0016,-21.2013],[-59.0258,-21.2123],[-59.0338,-21.2114],[-59.0359,-21.2184],[-59.0512,-21.2223],[-59.0666,-21.2344],[-59.073,-21.2229],[-59.0809,-21.2224],[-59.0889,-21.2037],[-59.1048,-21.1965],[-59.1221,-21.2037],[-59.129,-21.2144],[-59.1452,-21.2133],[-59.1551,-21.2063],[-59.1582,-21.2115],[-59.1732,-21.2101],[-59.179,-21.2026],[-59.1872,-21.2025],[-59.2068,-21.2116],[-59.2149,-21.2076],[-59.2366,-21.2117],[-59.2556,-21.2304],[-59.2732,-21.2275],[-59.3155,-21.2362],[-59.3248,-21.2342],[-59.359,-21.2448],[-59.395,-21.2668],[-59.4386,-21.2746],[-59.4586,-21.2993],[-59.4973,-21.1979],[-59.767,-21.2013],[-59.715,-21.3459],[-59.8724,-21.4472],[-59.9474,-21.9266],[-59.9523,-22.0378]]]]}},{"type":"Feature","properties":{"n":"Benjamín Aceval","l":8,"c":[-23.947,-58.1566]},"geometry":{"type":"MultiPolygon","coordinates":[[[[-58.718,-24.1147],[-58.5318,-24.2725],[-58.4877,-24.6516],[-58.4798,-24.6896],[-58.3221,-24.7014],[-58.1213,-24.7039],[-58.1188,-24.7465],[-58.1139,-24.7461],[-58.1144,-24.8258],[-58.0534,-24.843],[-58.0539,-24.8384],[-58.0375,-24.8407],[-58.032,-24.8507],[-57.955,-24.852],[-57.9555,-24.8407],[-57.9155,-24.8394],[-57.915,-24.9467],[-57.8153,-24.9462],[-57.8158,-25.0649],[-57.784,-25.0663],[-57.7662,-25.0862],[-57.7681,-25.0907],[-57.7607,-25.1025],[-57.7431,-25.1021],[-57.7365,-25.0971],[-57.6908,-25.1007],[-57.5509,-25.06],[-57.5458,-25.058],[-57.5506,-25.0517],[-57.5188,-25.0383],[-57.4809,-25.0094],[-57.4793,-24.9756],[-57.4172,-24.9756],[-57.4168,-24.868],[-57.4945,-24.7001],[-57.5443,-24.3732],[-57.5629,-24.3292],[-57.5601,-24.303],[-57.5642,-24.3019],[-57.5651,-24.306],[-57.5741,-24.3013],[-57.5772,-24.3072],[-57.5835,-24.3017],[-57.588,-24.3045],[-57.5876,-24.2976],[-57.5971,-24.3008],[-57.595,-24.2945],[-57.6019,-24.2963],[-57.6201,-24.287],[-57.6258,-24.2903],[-57.6323,-24.2808],[-57.6372,-24.2895],[-57.6404,-24.2839],[-57.6374,-24.2814],[-57.647,-24.2809],[-57.646,-24.2754],[-57.6542,-24.2784],[-57.6552,-24.2663],[-57.6604,-24.2675],[-57.6619,-24.275],[-57.6666,-24.2715],[-57.6714,-24.2771],[-57.6778,-24.2757],[-57.6856,-24.2617],[-57.6999,-24.2629],[-57.7065,-24.2523],[-57.7952,-24.2438],[-57.7843,-23.8169],[-57.787,-23.8195],[-57.793,-23.8126],[-57.796,-23.8175],[-57.7965,-23.8112],[-57.8003,-23.8149],[-57.8041,-23.8101],[-57.806,-23.8196],[-57.8104,-23.8179],[-57.8157,-23.823],[-57.8227,-23.8192],[-57.8328,-23.8359],[-57.8353,-23.8326],[-57.8351,-23.8374],[-57.8437,-23.8363],[-57.843,-23.8414],[-57.8456,-23.8366],[-57.8515,-23.8376],[-57.8489,-23.8452],[-57.853,-23.8429],[-57.8561,-23.8503],[-57.8659,-23.8544],[-57.8709,-23.8487],[-57.8776,-23.8516],[-57.8813,-23.8466],[-57.8868,-23.8507],[-57.901,-23.8437],[-57.916,-23.8554],[-57.9424,-23.8437],[-57.9601,-23.8495],[-57.9674,-23.857],[-57.9802,-23.8582],[-57.9838,-23.8644],[-57.9905,-23.8627],[-57.9901,-23.8671],[-57.9978,-23.863],[-57.9999,-23.8688],[-58.0119,-23.8669],[-58.0123,-23.8713],[-58.0165,-23.869],[-58.0158,-23.8742],[-58.0222,-23.8722],[-58.0273,-23.8765],[-58.0266,-23.8802],[-58.0295,-23.8774],[-58.0335,-23.8809],[-58.0378,-23.8738],[-58.0407,-23.8776],[-58.0465,-23.8767],[-58.0449,-23.874],[-58.0551,-23.8759],[-58.0527,-23.8786],[-58.0591,-23.8789],[-58.0624,-23.8889],[-58.0647,-23.8848],[-58.0757,-23.8949],[-58.0828,-23.8922],[-58.0877,-23.8975],[-58.0999,-23.8968],[-58.101,-23.8917],[-58.1114,-23.8898],[-58.1159,-23.8966],[-58.1171,-23.8918],[-58.1215,-23.893],[-58.1207,-23.8882],[-58.1231,-23.8921],[-58.128,-23.8897],[-58.1262,-23.8935],[-58.1319,-23.8916],[-58.1345,-23.8966],[-58.1348,-23.9055],[-58.1501,-23.901],[-58.1458,-23.8966],[-58.1521,-23.8799],[-58.1592,-23.8756],[-58.167,-23.88],[-58.1667,-23.8711],[-58.1709,-23.8742],[-58.1786,-23.8702],[-58.1782,-23.8662],[-58.1855,-23.8636],[-58.1815,-23.8601],[-58.1894,-23.8479],[-58.2127,-23.8464],[-58.2223,-23.8514],[-58.2275,-23.8429],[-58.2377,-23.8433],[-58.2396,-23.8371],[-58.2488,-23.8434],[-58.2505,-23.8403],[-58.2596,-23.8432],[-58.2576,-23.847],[-58.2638,-23.852],[-58.2686,-23.8502],[-58.275,-23.8637],[-58.2838,-23.8568],[-58.2943,-23.8591],[-58.2995,-23.8516],[-58.3071,-23.8571],[-58.3246,-23.8521],[-58.3219,-23.8585],[-58.3352,-23.8662],[-58.3428,-23.8601],[-58.3542,-23.8625],[-58.3562,-23.8541],[-58.3609,-23.8577],[-58.375,-23.8546],[-58.381,-23.859],[-58.3802,-23.8681],[-58.3874,-23.8698],[-58.3845,-23.876],[-58.3954,-23.8771],[-58.3956,-23.8858],[-58.4054,-23.8857],[-58.4064,-23.8901],[-58.4117,-23.8876],[-58.4151,-23.8926],[-58.4188,-23.8876],[-58.4475,-23.8945],[-58.4499,-23.8823],[-58.4615,-23.8843],[-58.4619,-23.8796],[-58.4791,-23.8713],[-58.4795,-23.8656],[-58.4852,-23.8689],[-58.4908,-23.8655],[-58.4886,-23.8633],[-58.5053,-23.8626],[-58.5166,-23.8559],[-58.5212,-23.847],[-58.5316,-23.8482],[-58.5348,-23.8406],[-58.5488,-23.841],[-58.5561,-23.8309],[-58.566,-23.8342],[-58.57,-23.8313],[-58.5712,-23.8375],[-58.5829,-23.8411],[-58.5974,-23.8293],[-58.6069,-23.8345],[-58.6212,-23.827],[-58.6291,-23.8334],[-58.6394,-23.8262],[-58.6446,-23.8298],[-58.6475,-23.8234],[-58.6606,-23.8235],[-58.6637,-23.8179],[-58.6766,-23.8267],[-58.6764,-23.8225],[-58.6857,-23.8183],[-58.6836,-23.8137],[-58.69,-23.8114],[-58.687,-23.8082],[-58.6996,-23.8067],[-58.7029,-23.8021],[-58.7057,-23.8082],[-58.7121,-23.8086],[-58.718,-24.1147]]]]}},{"type":"Feature","properties":{"n":"General Jose Maria Bruguez","l":8,"c":[-24.1411,-58.9449]},"geometry":{"type":"MultiPolygon","coordinates":[[[[-59.3429,-24.176],[-59.3408,-24.2277],[-59.3367,-24.2327],[-59.3298,-24.2306],[-59.3267,-24.2395],[-59.3167,-24.2433],[-59.3208,-24.248],[-59.3175,-24.2568],[-59.309,-24.2508],[-59.3029,-24.2549],[-59.297,-24.2731],[-59.3035,-24.2849],[-59.2633,-24.3023],[-59.2453,-24.3156],[-59.2139,-24.366],[-59.2603,-24.4272],[-59.2853,-24.4931],[-59.304,-24.4876],[-59.3147,-24.501],[-59.3013,-24.5033],[-59.2968,-24.5134],[-59.2874,-24.5179],[-59.2574,-24.5197],[-59.236,-24.5493],[-59.186,-24.5634],[-59.1801,-24.5759],[-59.1572,-24.5874],[-59.1539,-24.599],[-59.1328,-24.6081],[-59.1301,-24.617],[-59.1109,-24.6238],[-59.1003,-24.6168],[-59.0827,-24.6203],[-59.0564,-24.6316],[-59.0506,-24.6424],[-59.0327,-24.6489],[-59.0237,-24.6602],[-58.9705,-24.6632],[-58.9662,-24.6729],[-58.9429,-24.6803],[-58.9263,-24.6964],[-58.9166,-24.6965],[-58.9034,-24.7046],[-58.8864,-24.7191],[-58.8789,-24.7331],[-58.8698,-24.7282],[-58.8464,-24.7374],[-58.8073,-24.7726],[-58.7634,-24.7746],[-58.7399,-24.7811],[-58.7261,-24.7746],[-58.7124,-24.7908],[-58.7092,-24.8092],[-58.6981,-24.8146],[-58.6867,-24.8115],[-58.6724,-24.8319],[-58.6453,-24.8247],[-58.6103,-24.8314],[-58.5731,-24.8211],[-58.5565,-24.8311],[-58.5495,-24.8285],[-58.5259,-24.8509],[-58.5142,-24.8431],[-58.5018,-24.851],[-58.4775,-24.8273],[-58.4753,-24.7756],[-58.4798,-24.6896],[-58.4877,-24.6516],[-58.5318,-24.2725],[-58.718,-24.1147],[-58.7121,-23.8086],[-58.7221,-23.805],[-58.7229,-23.7987],[-58.7284,-23.7957],[-58.7335,-23.8021],[-58.7408,-23.8008],[-58.7388,-23.7966],[-58.7501,-23.7959],[-58.7469,-23.7922],[-58.7501,-23.7904],[-58.7602,-23.7936],[-58.7667,-23.7859],[-58.7714,-23.7898],[-58.7812,-23.7853],[-58.7799,-23.7822],[-58.7918,-23.7819],[-58.7941,-23.7775],[-58.798,-23.7807],[-58.8011,-23.7742],[-58.8079,-23.7764],[-58.8095,-23.767],[-58.8178,-23.766],[-58.8211,-23.7719],[-58.828,-23.7724],[-58.8391,-23.7598],[-58.8588,-23.7639],[-58.8696,-23.7582],[-58.871,-23.7621],[-58.8803,-23.7626],[-58.8932,-23.7482],[-58.9021,-23.7482],[-58.9007,-23.7521],[-58.9062,-23.7533],[-58.9128,-23.7498],[-58.915,-23.7535],[-58.92,-23.7493],[-58.941,-23.749],[-58.9402,-23.7458],[-58.9484,-23.749],[-58.9518,-23.7425],[-58.9676,-23.7444],[-58.9717,-23.7344],[-58.9803,-23.7295],[-59.0102,-23.7318],[-59.0192,-23.7219],[-59.0318,-23.7226],[-59.036,-23.7176],[-59.0599,-23.7136],[-59.0701,-23.7046],[-59.0818,-23.7073],[-59.0921,-23.7016],[-59.1316,-23.7317],[-59.1432,-23.7295],[-59.1215,-23.7816],[-59.1225,-23.8035],[-59.1007,-23.9058],[-59.0838,-23.9359],[-59.0803,-24.0628],[-59.153,-24.0624],[-59.1596,-24.1104],[-59.1842,-24.1195],[-59.1917,-24.1317],[-59.1877,-24.1774],[-59.2547,-24.1807],[-59.3429,-24.176]]]]}},{"type":"Feature","properties":{"n":"José Falcón","l":8,"c":[-25.0514,-58.0418]},"geometry":{"type":"MultiPolygon","coordinates":[[[[-58.5021,-24.8526],[-58.4937,-24.8594],[-58.4758,-24.86],[-58.4516,-24.8787],[-58.4405,-24.8796],[-58.4285,-24.8975],[-58.4334,-24.9138],[-58.4286,-24.9235],[-58.4086,-24.9228],[-58.4081,-24.9293],[-58.3993,-24.9368],[-58.4028,-24.9389],[-58.3972,-24.9393],[-58.4003,-24.9431],[-58.39,-24.9543],[-58.3732,-24.9565],[-58.3705,-24.9621],[-58.3494,-24.9705],[-58.3442,-24.99],[-58.3401,-24.9901],[-58.3413,-24.9963],[-58.3337,-25],[-58.3262,-24.999],[-58.3242,-24.9904],[-58.3196,-24.9926],[-58.3202,-24.9891],[-58.3108,-24.9868],[-58.3147,-24.9835],[-58.2977,-24.9747],[-58.296,-24.9675],[-58.2885,-24.9641],[-58.2893,-24.9575],[-58.2795,-24.9565],[-58.2715,-24.947],[-58.2662,-24.9472],[-58.2553,-24.9318],[-58.2517,-24.9346],[-58.2383,-24.9269],[-58.2316,-24.93],[-58.2312,-24.9262],[-58.225,-24.9269],[-58.2241,-24.9318],[-58.2196,-24.9315],[-58.2249,-24.9341],[-58.2198,-24.9349],[-58.2244,-24.9422],[-58.2142,-24.9453],[-58.2172,-24.9505],[-58.2018,-24.95],[-58.1939,-24.9679],[-58.1878,-24.971],[-58.1783,-24.9674],[-58.1735,-24.9713],[-58.1695,-24.9662],[-58.1628,-24.9754],[-58.1594,-24.9707],[-58.1534,-24.9769],[-58.15,-24.975],[-58.1531,-24.982],[-58.1423,-24.9868],[-58.1445,-24.9899],[-58.138,-24.988],[-58.1395,-24.9975],[-58.1355,-24.9978],[-58.1384,-25.0011],[-58.1343,-25.0092],[-58.1377,-25.0115],[-58.1187,-25.0129],[-58.1133,-25.0198],[-58.1064,-25.0119],[-58.0947,-25.0133],[-58.0948,-25.0088],[-58.0856,-25.0125],[-58.0885,-25.0153],[-58.084,-25.0156],[-58.0827,-25.0239],[-58.0786,-25.022],[-58.0791,-25.0323],[-58.0743,-25.0337],[-58.0775,-25.0378],[-58.0689,-25.0458],[-58.0616,-25.0406],[-58.0583,-25.046],[-58.0486,-25.0382],[-58.0448,-25.0431],[-58.0379,-25.0421],[-58.0309,-25.0357],[-58.0227,-25.0413],[-58.0166,-25.0379],[-58.0158,-25.042],[-58.0129,-25.0378],[-58.0108,-25.0404],[-58.0095,-25.0336],[-58.0056,-25.0351],[-58.0039,-25.0491],[-57.9957,-25.0598],[-58.0008,-25.0661],[-57.9994,-25.0742],[-57.9908,-25.075],[-57.9908,-25.0817],[-57.9748,-25.0862],[-57.968,-25.081],[-57.9703,-25.0769],[-57.9642,-25.0788],[-57.9565,-25.0729],[-57.9521,-25.0805],[-57.9433,-25.0779],[-57.9411,-25.0718],[-57.9366,-25.0755],[-57.9338,-25.0723],[-57.9312,-25.0781],[-57.9234,-25.0733],[-57.9162,-25.0779],[-57.9058,-25.0735],[-57.9074,-25.0799],[-57.8987,-25.0792],[-57.896,-25.0837],[-57.8902,-25.0788],[-57.8865,-25.0815],[-57.8886,-25.0778],[-57.8836,-25.0755],[-57.8699,-25.0841],[-57.8611,-25.0815],[-57.8554,-25.0878],[-57.859,-25.09],[-57.851,-25.0936],[-57.855,-25.0986],[-57.8482,-25.0973],[-57.851,-25.1053],[-57.8472,-25.1076],[-57.8512,-25.1088],[-57.8437,-25.1123],[-57.8487,-25.118],[-57.8369,-25.1236],[-57.8401,-25.1255],[-57.835,-25.1275],[-57.8367,-25.1315],[-57.8261,-25.1307],[-57.8226,-25.1417],[-57.8176,-25.1388],[-57.8128,-25.1479],[-57.8073,-25.1422],[-57.8052,-25.1482],[-57.802,-25.145],[-57.8005,-25.1498],[-57.7902,-25.1498],[-57.7915,-25.1554],[-57.78,-25.1526],[-57.7685,-25.1728],[-57.7612,-25.1715],[-57.7579,-25.1799],[-57.7536,-25.1763],[-57.7526,-25.1813],[-57.7587,-25.1871],[-57.7527,-25.1918],[-57.756,-25.1967],[-57.7492,-25.196],[-57.7546,-25.2056],[-57.7485,-25.2067],[-57.7574,-25.2103],[-57.7507,-25.217],[-57.7595,-25.2161],[-57.7593,-25.2198],[-57.7543,-25.2199],[-57.7487,-25.2298],[-57.7442,-25.2284],[-57.7483,-25.2352],[-57.7422,-25.2326],[-57.7432,-25.2366],[-57.738,-25.2379],[-57.7358,-25.2343],[-57.7397,-25.2413],[-57.7359,-25.247],[-57.7411,-25.2531],[-57.7287,-25.2464],[-57.7225,-25.2546],[-57.7301,-25.258],[-57.7232,-25.2669],[-57.7055,-25.2701],[-57.7074,-25.262],[-57.6981,-25.2575],[-57.698,-25.2512],[-57.6945,-25.253],[-57.6892,-25.2445],[-57.6872,-25.2484],[-57.6814,-25.2472],[-57.6825,-25.2436],[-57.6741,-25.2454],[-57.6762,-25.2426],[-57.6714,-25.2417],[-57.675,-25.2387],[-57.6688,-25.2344],[-57.6711,-25.2297],[-57.6436,-25.2022],[-57.6481,-25.1904],[-57.6627,-25.1882],[-57.6642,-25.1842],[-57.6668,-25.1944],[-57.6711,-25.1953],[-57.6724,-25.1794],[-57.6795,-25.1696],[-57.6983,-25.1627],[-57.7106,-25.1683],[-57.7208,-25.1593],[-57.7189,-25.1522],[-57.7242,-25.1419],[-57.6855,-25.1419],[-57.6838,-25.1078],[-57.6908,-25.1007],[-57.7365,-25.0971],[-57.7431,-25.1021],[-57.7607,-25.1025],[-57.7681,-25.0907],[-57.7662,-25.0862],[-57.784,-25.0663],[-57.8158,-25.0649],[-57.8153,-24.9462],[-57.915,-24.9467],[-57.9155,-24.8394],[-57.9555,-24.8407],[-57.955,-24.852],[-58.032,-24.8507],[-58.0375,-24.8407],[-58.0539,-24.8384],[-58.0534,-24.843],[-58.1144,-24.8258],[-58.1139,-24.7461],[-58.1188,-24.7465],[-58.1213,-24.7039],[-58.3221,-24.7014],[-58.4798,-24.6896],[-58.4753,-24.7756],[-58.4775,-24.8273],[-58.5021,-24.8526]]]]}},{"type":"Feature","properties":{"n":"Nanawa","l":8,"c":[-25.3067,-57.6926]},"geometry":{"type":"MultiPolygon","coordinates":[[[[-57.7234,-25.2726],[-57.7185,-25.2729],[-57.7215,-25.2779],[-57.7116,-25.273],[-57.7137,-25.2834],[-57.7032,-25.2825],[-57.7053,-25.2916],[-57.7012,-25.285],[-57.6945,-25.2859],[-57.7072,-25.3001],[-57.6979,-25.3083],[-57.703,-25.3222],[-57.6927,-25.3226],[-57.6894,-25.3325],[-57.6868,-25.3289],[-57.6819,-25.3337],[-57.6785,-25.346],[-57.6707,-25.3477],[-57.6713,-25.3527],[-57.663,-25.3546],[-57.6474,-25.372],[-57.6466,-25.3507],[-57.6736,-25.3171],[-57.669,-25.281],[-57.6725,-25.2757],[-57.6791,-25.2748],[-57.6896,-25.285],[-57.7041,-25.2756],[-57.7057,-25.27],[-57.7178,-25.2668],[-57.7234,-25.2726]]]]}},{"type":"Feature","properties":{"n":"Teniente 1° Manuel Irala Fernández","l":8,"c":[-22.8119,-59.3017]},"geometry":{"type":"MultiPolygon","coordinates":[[[[-60.407,-23.717],[-60.3725,-23.7862],[-60.2939,-23.8117],[-59.9456,-23.8236],[-59.9192,-23.7761],[-59.7178,-23.8048],[-59.6748,-23.7693],[-59.6746,-23.7745],[-59.6582,-23.776],[-59.6592,-23.7822],[-59.5462,-23.7849],[-59.5452,-23.7767],[-59.5225,-23.7779],[-59.5297,-23.72],[-59.4465,-23.6833],[-59.4333,-23.6675],[-59.4618,-23.633],[-59.4615,-23.4558],[-59.3762,-23.4653],[-59.3377,-23.4651],[-59.2793,-23.464],[-59.2556,-23.4545],[-59.3077,-23.3978],[-59.3251,-23.396],[-59.3431,-23.4097],[-59.3639,-23.4063],[-59.3703,-23.4112],[-59.4082,-23.3769],[-59.4101,-23.347],[-59.4172,-23.3365],[-59.4169,-23.299],[-59.3871,-23.1479],[-59.2625,-23.0743],[-59.17,-22.9869],[-59.1557,-22.9868],[-59.1375,-22.9256],[-59.1429,-22.8838],[-59.1495,-22.878],[-59.1475,-22.8381],[-59.1548,-22.7875],[-59.1434,-22.7502],[-59.1212,-22.7402],[-59.1212,-22.7131],[-59.1167,-22.7028],[-59.1227,-22.6948],[-59.0839,-22.6632],[-59.0586,-22.6682],[-59.0577,-22.65],[-59.0526,-22.6462],[-59.0542,-22.634],[-59.048,-22.6335],[-59.0427,-22.6256],[-59.0201,-22.6285],[-59.0062,-22.6145],[-59.0011,-22.6202],[-58.9745,-22.614],[-58.9695,-22.6169],[-58.9601,-22.6072],[-58.9433,-22.6047],[-58.938,-22.6136],[-58.9262,-22.6131],[-58.8986,-22.6223],[-58.8871,-22.6011],[-58.8521,-22.6052],[-59.0113,-22.4261],[-59.0038,-22.4144],[-58.9858,-22.411],[-59.0937,-22.2618],[-59.0948,-22.2442],[-59.0989,-22.2473],[-59.1081,-22.2419],[-59.1156,-22.2278],[-59.1285,-22.2269],[-59.1261,-22.2126],[-59.1494,-22.2157],[-59.1623,-22.2033],[-59.193,-22.2034],[-59.2029,-22.1883],[-59.2174,-22.1844],[-59.2364,-22.193],[-59.2309,-22.1978],[-59.2353,-22.2],[-59.2852,-22.1909],[-59.2415,-22.1313],[-59.3677,-22.0762],[-59.3366,-22.1704],[-59.6144,-22.3359],[-59.6144,-22.3411],[-59.6393,-22.3689],[-59.6398,-22.3886],[-59.6262,-22.428],[-59.7118,-22.428],[-59.7122,-22.467],[-59.7472,-22.467],[-59.7518,-22.5254],[-59.8438,-22.6344],[-59.9398,-22.7695],[-59.9379,-22.7792],[-59.9488,-22.7824],[-59.9449,-22.7969],[-59.9664,-22.8023],[-59.9751,-22.8186],[-59.9707,-22.9688],[-59.9584,-23.0673],[-59.9923,-23.1575],[-59.979,-23.173],[-60.0569,-23.3762],[-60.0768,-23.4585],[-60.0927,-23.4928],[-60.1369,-23.5126],[-60.1863,-23.5246],[-60.2027,-23.5329],[-60.3714,-23.5521],[-60.3734,-23.6099],[-60.407,-23.717]]]]}},{"type":"Feature","properties":{"n":"Teniente Esteban Martínez","l":8,"c":[-24.0435,-59.8415]},"geometry":{"type":"MultiPolygon","coordinates":[[[[-60.7844,-23.7899],[-60.7802,-23.801],[-60.7816,-23.8302],[-60.7733,-23.8363],[-60.7733,-23.8501],[-60.7639,-23.8578],[-60.7603,-23.8725],[-60.7206,-23.8753],[-60.7093,-23.8921],[-60.693,-23.9029],[-60.6827,-23.8977],[-60.6387,-23.9088],[-60.6132,-23.902],[-60.601,-23.91],[-60.6045,-23.9167],[-60.5889,-23.9162],[-60.5949,-23.9212],[-60.5932,-23.9432],[-60.5796,-23.9533],[-60.5894,-23.9585],[-60.5804,-23.9612],[-60.559,-23.9547],[-60.5536,-23.9655],[-60.5432,-23.963],[-60.5137,-23.9678],[-60.5026,-23.9645],[-60.4874,-23.9508],[-60.443,-23.9625],[-60.4133,-23.9857],[-60.3868,-23.9956],[-60.3803,-24.0188],[-60.3735,-24.024],[-60.3654,-24.02],[-60.3562,-24.0239],[-60.3354,-24.0216],[-60.3251,-24.0283],[-60.3284,-24.0298],[-60.3088,-24.038],[-60.1939,-24.0448],[-60.1339,-24.0364],[-60.1063,-24.0268],[-60.1038,-24.0197],[-60.0906,-24.0243],[-60.0731,-24.0111],[-60.0391,-24.0116],[-59.4744,-24.3314],[-59.4682,-24.3407],[-59.4713,-24.3495],[-59.4594,-24.3556],[-59.4599,-24.3677],[-59.4426,-24.3895],[-59.4256,-24.3961],[-59.421,-24.4091],[-59.3756,-24.4203],[-59.3656,-24.4505],[-59.3586,-24.4541],[-59.3521,-24.4813],[-59.3396,-24.4901],[-59.32,-24.4919],[-59.3157,-24.4979],[-59.304,-24.4876],[-59.2853,-24.4931],[-59.2603,-24.4272],[-59.2139,-24.366],[-59.2453,-24.3156],[-59.2633,-24.3023],[-59.3035,-24.2849],[-59.297,-24.2731],[-59.3029,-24.2549],[-59.309,-24.2508],[-59.3175,-24.2568],[-59.3208,-24.248],[-59.3167,-24.2433],[-59.3267,-24.2395],[-59.3298,-24.2306],[-59.3367,-24.2327],[-59.3408,-24.2277],[-59.3429,-24.176],[-59.2547,-24.1807],[-59.1877,-24.1774],[-59.1917,-24.1317],[-59.1842,-24.1195],[-59.1596,-24.1104],[-59.153,-24.0624],[-59.0803,-24.0628],[-59.0838,-23.9359],[-59.1023,-23.8999],[-59.1225,-23.8035],[-59.1215,-23.7816],[-59.2006,-23.5942],[-59.0778,-23.5701],[-59.081,-23.5589],[-59.1215,-23.5051],[-59.1421,-23.5108],[-59.1885,-23.4899],[-59.1906,-23.4859],[-59.1752,-23.4474],[-59.1826,-23.4455],[-59.2584,-23.4549],[-59.2809,-23.4642],[-59.3758,-23.4653],[-59.4615,-23.4557],[-59.4618,-23.633],[-59.4333,-23.6675],[-59.4465,-23.6833],[-59.5297,-23.72],[-59.5225,-23.7779],[-59.5452,-23.7767],[-59.5462,-23.7849],[-59.6592,-23.7822],[-59.6582,-23.776],[-59.6746,-23.7745],[-59.6748,-23.7693],[-59.7178,-23.8048],[-59.9192,-23.7761],[-59.9456,-23.8236],[-60.2939,-23.8117],[-60.3725,-23.7862],[-60.407,-23.717],[-60.3734,-23.6099],[-60.3714,-23.5521],[-60.5713,-23.5723],[-60.581,-23.5749],[-60.5791,-23.5826],[-60.6017,-23.611],[-60.6752,-23.5922],[-60.6698,-23.7021],[-60.6898,-23.7323],[-60.7844,-23.7899]]]]}},{"type":"Feature","properties":{"n":"Villa Hayes","l":8,"c":[-23.6692,-58.2525]},"geometry":{"type":"MultiPolygon","coordinates":[[[[-59.4172,-23.3365],[-59.4101,-23.347],[-59.4082,-23.3769],[-59.3703,-23.4112],[-59.3639,-23.4063],[-59.3431,-23.4097],[-59.3303,-23.398],[-59.3141,-23.396],[-59.3037,-23.4006],[-59.2882,-23.4234],[-59.2556,-23.4545],[-59.1861,-23.4453],[-59.1752,-23.4474],[-59.1906,-23.4859],[-59.1885,-23.4899],[-59.1421,-23.5108],[-59.1215,-23.5051],[-59.081,-23.5589],[-59.0778,-23.5701],[-59.2006,-23.5942],[-59.1432,-23.7295],[-59.1316,-23.7317],[-59.0921,-23.7016],[-59.0818,-23.7073],[-59.0701,-23.7046],[-59.0599,-23.7136],[-59.036,-23.7176],[-59.0318,-23.7226],[-59.0192,-23.7219],[-59.0102,-23.7318],[-58.9803,-23.7295],[-58.9657,-23.7449],[-58.9518,-23.7425],[-58.9484,-23.749],[-58.9402,-23.7458],[-58.941,-23.749],[-58.92,-23.7493],[-58.915,-23.7535],[-58.9128,-23.7498],[-58.9062,-23.7533],[-58.9007,-23.7521],[-58.9021,-23.7482],[-58.8932,-23.7482],[-58.8831,-23.7619],[-58.8712,-23.7622],[-58.8696,-23.7582],[-58.8659,-23.7632],[-58.8542,-23.7639],[-58.8391,-23.7598],[-58.828,-23.7724],[-58.8211,-23.7719],[-58.8178,-23.766],[-58.8095,-23.767],[-58.8078,-23.7765],[-58.8011,-23.7742],[-58.8003,-23.7798],[-58.7941,-23.7775],[-58.7918,-23.7819],[-58.7799,-23.7822],[-58.7812,-23.7853],[-58.7717,-23.7898],[-58.7667,-23.7859],[-58.7602,-23.7936],[-58.7501,-23.7904],[-58.7469,-23.7922],[-58.7501,-23.7959],[-58.7388,-23.7966],[-58.7408,-23.8008],[-58.7335,-23.8021],[-58.7262,-23.7964],[-58.7157,-23.809],[-58.7096,-23.8106],[-58.7002,-23.8021],[-58.7011,-23.8061],[-58.687,-23.8082],[-58.69,-23.8114],[-58.6836,-23.8137],[-58.6857,-23.8183],[-58.6764,-23.8225],[-58.6766,-23.8267],[-58.6637,-23.8179],[-58.6606,-23.8235],[-58.6475,-23.8234],[-58.6446,-23.8298],[-58.6394,-23.8262],[-58.6291,-23.8334],[-58.6212,-23.827],[-58.6069,-23.8345],[-58.5974,-23.8293],[-58.5829,-23.8411],[-58.5712,-23.8375],[-58.57,-23.8313],[-58.566,-23.8342],[-58.5561,-23.8309],[-58.5488,-23.841],[-58.5348,-23.8406],[-58.5316,-23.8482],[-58.5212,-23.847],[-58.5166,-23.8559],[-58.5053,-23.8626],[-58.4886,-23.8633],[-58.4908,-23.8655],[-58.4852,-23.8689],[-58.4795,-23.8656],[-58.4791,-23.8713],[-58.4619,-23.8796],[-58.4615,-23.8843],[-58.4499,-23.8823],[-58.4475,-23.8945],[-58.4188,-23.8876],[-58.4151,-23.8926],[-58.4117,-23.8876],[-58.4064,-23.8901],[-58.4054,-23.8857],[-58.3956,-23.8858],[-58.3954,-23.8771],[-58.3845,-23.876],[-58.3874,-23.8698],[-58.3802,-23.8681],[-58.381,-23.859],[-58.375,-23.8546],[-58.3609,-23.8577],[-58.3562,-23.8541],[-58.3542,-23.8625],[-58.3428,-23.8601],[-58.3352,-23.8662],[-58.3219,-23.8585],[-58.3246,-23.8521],[-58.3071,-23.8571],[-58.2995,-23.8516],[-58.2943,-23.8591],[-58.2838,-23.8568],[-58.275,-23.8637],[-58.2686,-23.8502],[-58.2622,-23.851],[-58.2576,-23.847],[-58.2596,-23.8432],[-58.2444,-23.842],[-58.2434,-23.8369],[-58.2373,-23.8436],[-58.2275,-23.8429],[-58.2223,-23.8514],[-58.2127,-23.8464],[-58.1894,-23.8479],[-58.1815,-23.8601],[-58.1855,-23.8636],[-58.1782,-23.8662],[-58.1786,-23.8702],[-58.1709,-23.8742],[-58.1667,-23.8711],[-58.167,-23.88],[-58.1592,-23.8756],[-58.1521,-23.8799],[-58.1458,-23.8966],[-58.1501,-23.901],[-58.1348,-23.9055],[-58.1345,-23.8966],[-58.1319,-23.8916],[-58.1262,-23.8935],[-58.128,-23.8897],[-58.1231,-23.8921],[-58.1207,-23.8882],[-58.1215,-23.893],[-58.1171,-23.8918],[-58.1159,-23.8966],[-58.1114,-23.8898],[-58.101,-23.8917],[-58.0999,-23.8968],[-58.0877,-23.8975],[-58.0828,-23.8922],[-58.0757,-23.8949],[-58.0647,-23.8848],[-58.0624,-23.8889],[-58.0591,-23.8789],[-58.0527,-23.8786],[-58.0551,-23.8759],[-58.0449,-23.874],[-58.0465,-23.8767],[-58.0407,-23.8776],[-58.0378,-23.8738],[-58.0335,-23.8809],[-58.0295,-23.8774],[-58.0266,-23.8802],[-58.0273,-23.8765],[-58.0222,-23.8722],[-58.0158,-23.8742],[-58.0165,-23.869],[-58.0123,-23.8713],[-58.0119,-23.8669],[-57.9999,-23.8688],[-57.9978,-23.863],[-57.9901,-23.8671],[-57.9905,-23.8627],[-57.9838,-23.8644],[-57.9802,-23.8582],[-57.9674,-23.857],[-57.9601,-23.8495],[-57.9424,-23.8437],[-57.916,-23.8554],[-57.901,-23.8437],[-57.8868,-23.8507],[-57.8813,-23.8466],[-57.8776,-23.8516],[-57.8709,-23.8487],[-57.8659,-23.8544],[-57.8561,-23.8503],[-57.853,-23.8429],[-57.8489,-23.8452],[-57.8515,-23.8376],[-57.8456,-23.8366],[-57.843,-23.8414],[-57.8437,-23.8363],[-57.8351,-23.8374],[-57.8353,-23.8326],[-57.8328,-23.8359],[-57.8227,-23.8192],[-57.8157,-23.823],[-57.8104,-23.8179],[-57.806,-23.8196],[-57.8041,-23.8101],[-57.8003,-23.8149],[-57.7965,-23.8112],[-57.796,-23.8175],[-57.793,-23.8126],[-57.787,-23.8195],[-57.7843,-23.8169],[-57.7952,-24.2438],[-57.7065,-24.2523],[-57.6999,-24.2629],[-57.6856,-24.2617],[-57.6778,-24.2757],[-57.6714,-24.2771],[-57.6666,-24.2715],[-57.6619,-24.275],[-57.6604,-24.2675],[-57.6552,-24.2663],[-57.6542,-24.2784],[-57.646,-24.2754],[-57.647,-24.2809],[-57.6374,-24.2814],[-57.6404,-24.2839],[-57.6372,-24.2895],[-57.6323,-24.2808],[-57.6258,-24.2903],[-57.6201,-24.287],[-57.6019,-24.2963],[-57.595,-24.2945],[-57.5971,-24.3008],[-57.5876,-24.2976],[-57.588,-24.3045],[-57.5835,-24.3017],[-57.5772,-24.3072],[-57.5741,-24.3013],[-57.5651,-24.306],[-57.5642,-24.3019],[-57.5601,-24.303],[-57.5629,-24.3292],[-57.5443,-24.3732],[-57.4945,-24.7001],[-57.4168,-24.868],[-57.4172,-24.9756],[-57.4793,-24.9756],[-57.4809,-25.0094],[-57.5188,-25.0383],[-57.5506,-25.0517],[-57.5458,-25.058],[-57.6911,-25.1001],[-57.6838,-25.1078],[-57.6855,-25.1419],[-57.7242,-25.1419],[-57.7186,-25.1637],[-57.7106,-25.1683],[-57.6983,-25.1627],[-57.6804,-25.1691],[-57.6724,-25.1794],[-57.6711,-25.1953],[-57.6668,-25.1944],[-57.6642,-25.1842],[-57.6627,-25.1882],[-57.6481,-25.1904],[-57.6438,-25.2019],[-57.6254,-25.1911],[-57.5958,-25.1871],[-57.5663,-25.1717],[-57.5468,-25.1841],[-57.5372,-25.1646],[-57.5427,-25.1464],[-57.5292,-25.1141],[-57.5143,-25.1001],[-57.5011,-25.096],[-57.4737,-25.1059],[-57.459,-25.1054],[-57.4241,-25.0888],[-57.4141,-25.0711],[-57.4014,-25.0619],[-57.383,-25.0658],[-57.33,-25.0022],[-57.3131,-24.9699],[-57.3077,-24.9393],[-57.2946,-24.9235],[-57.2787,-24.919],[-57.2379,-24.9366],[-57.2205,-24.9295],[-57.214,-24.9115],[-57.2162,-24.9045],[-57.2555,-24.8915],[-57.2605,-24.8823],[-57.254,-24.8724],[-57.2545,-24.8626],[-57.2887,-24.8529],[-57.3026,-24.8349],[-57.2625,-24.8068],[-57.2259,-24.7462],[-57.2249,-24.7365],[-57.2354,-24.7104],[-57.2336,-24.7001],[-57.2225,-24.6949],[-57.1918,-24.6987],[-57.172,-24.6906],[-57.175,-24.6607],[-57.1569,-24.6177],[-57.1612,-24.6079],[-57.1902,-24.5823],[-57.194,-24.572],[-57.1923,-24.5599],[-57.1667,-24.5421],[-57.1619,-24.5328],[-57.164,-24.5227],[-57.191,-24.4976],[-57.195,-24.4884],[-57.1894,-24.4788],[-57.1596,-24.4698],[-57.1513,-24.4503],[-57.1816,-24.3924],[-57.165,-24.3545],[-57.1768,-24.3167],[-57.2035,-24.2946],[-57.2028,-24.2406],[-57.2066,-24.2298],[-57.2167,-24.2101],[-57.2407,-24.2029],[-57.2513,-24.1723],[-57.2764,-24.1547],[-57.2796,-24.1471],[-57.2764,-24.1362],[-57.2515,-24.1249],[-57.209,-24.0949],[-57.2086,-24.0801],[-57.2211,-24.0657],[-57.255,-24.0519],[-57.2639,-24.0453],[-57.2651,-24.0382],[-57.2531,-24.028],[-57.2181,-24.0146],[-57.2014,-23.9918],[-57.2055,-23.9824],[-57.2256,-23.9704],[-57.2304,-23.9465],[-57.2411,-23.9425],[-57.2612,-23.9442],[-57.2843,-23.9363],[-57.2981,-23.9263],[-57.302,-23.9153],[-57.3039,-23.903],[-57.2984,-23.8952],[-57.2642,-23.8858],[-57.2529,-23.8736],[-57.2535,-23.8681],[-57.2749,-23.8472],[-57.2685,-23.8322],[-57.2519,-23.8154],[-57.2522,-23.7881],[-57.2771,-23.7724],[-57.2742,-23.7671],[-57.257,-23.7608],[-57.2552,-23.74],[-57.2617,-23.7282],[-57.2785,-23.7168],[-57.3091,-23.7106],[-57.3247,-23.6929],[-57.3469,-23.6779],[-57.3747,-23.6734],[-57.3959,-23.662],[-57.4235,-23.6379],[-57.4574,-23.5838],[-57.4744,-23.5427],[-57.4691,-23.5209],[-57.4589,-23.5088],[-57.4438,-23.4708],[-57.4419,-23.4438],[-57.4571,-23.4003],[-57.4841,-23.3884],[-57.4955,-23.3709],[-57.5172,-23.3557],[-57.5216,-23.3466],[-57.5192,-23.3379],[-57.489,-23.3185],[-57.492,-23.28],[-57.538,-23.2388],[-57.5473,-23.213],[-57.6101,-23.1897],[-57.6237,-23.176],[-57.6418,-23.1388],[-57.6273,-23.1131],[-57.6304,-23.0953],[-57.6426,-23.0902],[-57.6645,-23.093],[-57.6792,-23.1176],[-57.705,-23.1217],[-57.7153,-23.1169],[-57.7193,-23.1071],[-57.7446,-23.1011],[-57.7464,-23.0971],[-57.7404,-23.0948],[-57.748,-23.0875],[-57.7503,-23.0921],[-57.7548,-23.0887],[-57.7501,-23.088],[-57.7528,-23.0788],[-57.7478,-23.0814],[-57.7468,-23.0752],[-57.7544,-23.0786],[-57.7597,-23.0731],[-57.7619,-23.0799],[-57.767,-23.0766],[-57.7657,-23.0839],[-57.7721,-23.0918],[-57.7674,-23.0961],[-57.7718,-23.1015],[-57.7766,-23.0968],[-57.7738,-23.1014],[-57.781,-23.1033],[-57.7773,-23.1068],[-57.7804,-23.1102],[-57.7924,-23.1031],[-57.7932,-23.1099],[-57.7862,-23.1137],[-57.791,-23.1129],[-57.7914,-23.1275],[-57.7965,-23.1306],[-57.8101,-23.1272],[-57.8113,-23.1323],[-57.8141,-23.1287],[-57.8176,-23.132],[-57.8255,-23.1247],[-57.8309,-23.1316],[-57.8274,-23.1312],[-57.8288,-23.1364],[-57.8332,-23.1352],[-57.831,-23.1407],[-57.839,-23.1468],[-57.8273,-23.1558],[-57.835,-23.1581],[-57.8397,-23.169],[-57.8292,-23.1732],[-57.8266,-23.1843],[-57.8321,-23.1835],[-57.833,-23.1874],[-57.8257,-23.1929],[-57.8308,-23.1941],[-57.8288,-23.1976],[-57.8336,-23.1952],[-57.8407,-23.2122],[-57.8532,-23.207],[-57.8549,-23.2005],[-57.8607,-23.2037],[-57.867,-23.1973],[-57.8734,-23.2008],[-57.8819,-23.1962],[-57.8868,-23.2004],[-57.8857,-23.2083],[-57.9067,-23.2027],[-57.9066,-23.2101],[-57.8992,-23.2112],[-57.9054,-23.2193],[-57.9093,-23.2174],[-57.9088,-23.2214],[-57.9151,-23.2173],[-57.9195,-23.2197],[-57.9176,-23.2153],[-57.9231,-23.2139],[-57.9231,-23.2174],[-57.9327,-23.2172],[-57.931,-23.2215],[-57.9398,-23.2258],[-57.9348,-23.2296],[-57.9503,-23.2343],[-57.9545,-23.2424],[-57.9593,-23.2356],[-57.9583,-23.2406],[-57.9626,-23.2382],[-57.9642,-23.2443],[-57.9696,-23.2444],[-57.9736,-23.227],[-57.9862,-23.2285],[-57.9975,-23.2389],[-57.9868,-23.2437],[-57.9888,-23.2532],[-57.9974,-23.2513],[-58.0096,-23.2583],[-58.0167,-23.2516],[-58.0251,-23.2595],[-58.0301,-23.2534],[-58.0404,-23.2576],[-58.0598,-23.2512],[-58.0683,-23.2527],[-58.0758,-23.2646],[-58.0914,-23.2608],[-58.0917,-23.2659],[-58.1022,-23.2677],[-58.1031,-23.2755],[-58.1115,-23.2798],[-58.1147,-23.2916],[-58.1347,-23.2985],[-58.1485,-23.2955],[-58.1544,-23.3122],[-58.1739,-23.3242],[-58.1693,-23.3325],[-58.1912,-23.3371],[-58.1947,-23.345],[-58.2092,-23.3485],[-58.216,-23.359],[-58.2223,-23.3579],[-58.2215,-23.3484],[-58.2275,-23.3474],[-58.2326,-23.3371],[-58.2463,-23.3379],[-58.2763,-23.3279],[-58.2856,-23.3357],[-58.2923,-23.3328],[-58.2951,-23.3409],[-58.3029,-23.3418],[-58.3055,-23.3506],[-58.3162,-23.3508],[-58.3245,-23.3582],[-58.334,-23.3568],[-58.3323,-23.3503],[-58.3419,-23.3536],[-58.3438,-23.3453],[-58.3515,-23.3463],[-58.3468,-23.3437],[-58.3514,-23.3407],[-58.3493,-23.337],[-58.361,-23.3347],[-58.3718,-23.3404],[-58.3728,-23.3456],[-58.3788,-23.3416],[-58.3845,-23.3438],[-58.3837,-23.3501],[-58.3895,-23.3475],[-58.3922,-23.355],[-58.3979,-23.3564],[-58.4011,-23.3478],[-58.4045,-23.3527],[-58.4119,-23.35],[-58.4142,-23.3607],[-58.4288,-23.3542],[-58.4347,-23.3574],[-58.4315,-23.3515],[-58.4411,-23.3459],[-58.439,-23.3422],[-58.451,-23.3441],[-58.4591,-23.3326],[-58.4636,-23.3356],[-58.4733,-23.3301],[-58.4747,-23.3237],[-58.4777,-23.3317],[-58.4839,-23.3264],[-58.4946,-23.3327],[-58.5056,-23.321],[-58.5145,-23.3204],[-58.5108,-23.3151],[-58.5165,-23.3113],[-58.5521,-23.3125],[-58.5509,-23.321],[-58.5582,-23.3192],[-58.5653,-23.3244],[-58.5706,-23.3156],[-58.5768,-23.3158],[-58.5752,-23.3075],[-58.5962,-23.3081],[-58.5967,-23.3011],[-58.5995,-23.3057],[-58.6063,-23.3011],[-58.6027,-23.2959],[-58.6076,-23.2946],[-58.6069,-23.2845],[-58.6106,-23.2872],[-58.6145,-23.2828],[-58.6136,-23.2751],[-58.6197,-23.2803],[-58.6218,-23.2738],[-58.6288,-23.2716],[-58.6278,-23.2641],[-58.634,-23.2642],[-58.635,-23.2591],[-58.6285,-23.262],[-58.627,-23.2584],[-58.6319,-23.2453],[-58.6519,-23.2524],[-58.6497,-23.2461],[-58.6611,-23.245],[-58.6692,-23.2532],[-58.6801,-23.2502],[-58.6858,-23.2572],[-58.6974,-23.2494],[-58.694,-23.2577],[-58.6982,-23.2604],[-58.7007,-23.2567],[-58.7031,-23.262],[-58.7091,-23.2569],[-58.7188,-23.2575],[-58.7173,-23.2622],[-58.7219,-23.2624],[-58.7239,-23.2494],[-58.7282,-23.2487],[-58.7285,-23.2575],[-58.7359,-23.2543],[-58.7316,-23.2486],[-58.7442,-23.2507],[-58.7365,-23.2379],[-58.755,-23.2455],[-58.7707,-23.2455],[-58.7762,-23.2328],[-58.7837,-23.2366],[-58.7799,-23.2233],[-58.7859,-23.2319],[-58.7893,-23.2299],[-58.7873,-23.217],[-58.8168,-23.2271],[-58.8204,-23.2225],[-58.8128,-23.2247],[-58.814,-23.221],[-58.8186,-23.2194],[-58.8248,-23.2247],[-58.8291,-23.208],[-58.8358,-23.2112],[-58.836,-23.2181],[-58.8385,-23.2116],[-58.8611,-23.2222],[-58.8682,-23.2175],[-58.8641,-23.2291],[-58.8717,-23.2263],[-58.8732,-23.232],[-58.8828,-23.2264],[-58.8941,-23.2309],[-58.8914,-23.2266],[-58.8959,-23.2239],[-58.899,-23.2323],[-58.9035,-23.2233],[-58.9161,-23.2373],[-58.9155,-23.2336],[-58.9209,-23.2328],[-58.9161,-23.2256],[-58.9223,-23.2261],[-58.9206,-23.2225],[-58.9269,-23.2233],[-58.9249,-23.2329],[-58.935,-23.2283],[-58.9356,-23.2211],[-58.9278,-23.2117],[-58.9387,-23.2078],[-58.9455,-23.2106],[-58.9459,-23.2036],[-58.9568,-23.197],[-58.9539,-23.1921],[-58.9661,-23.1898],[-58.9672,-23.1834],[-58.9782,-23.1846],[-58.9667,-23.1762],[-58.9762,-23.1718],[-58.9746,-23.1674],[-58.9798,-23.1694],[-58.9793,-23.1779],[-58.9879,-23.1707],[-58.9864,-23.1773],[-58.9902,-23.1728],[-58.9968,-23.1786],[-59.0154,-23.1702],[-59.0222,-23.175],[-59.0268,-23.1716],[-59.0248,-23.1881],[-59.0276,-23.1825],[-59.0332,-23.1827],[-59.0325,-23.1879],[-59.0406,-23.1851],[-59.0494,-23.1946],[-59.0543,-23.1924],[-59.0505,-23.1972],[-59.0573,-23.1997],[-59.0609,-23.1961],[-59.0643,-23.2013],[-59.0672,-23.1958],[-59.0687,-23.2029],[-59.0814,-23.2002],[-59.0761,-23.1984],[-59.0753,-23.1925],[-59.0798,-23.1955],[-59.0854,-23.1914],[-59.0833,-23.1992],[-59.0917,-23.2016],[-59.0876,-23.2077],[-59.0966,-23.2045],[-59.0947,-23.2153],[-59.1024,-23.2176],[-59.1178,-23.2171],[-59.1186,-23.21],[-59.1221,-23.2139],[-59.1277,-23.2093],[-59.1254,-23.2068],[-59.1328,-23.205],[-59.1367,-23.2098],[-59.141,-23.2067],[-59.1402,-23.2118],[-59.1482,-23.2113],[-59.1455,-23.203],[-59.1529,-23.2046],[-59.1529,-23.1947],[-59.1541,-23.1983],[-59.159,-23.1959],[-59.1582,-23.2017],[-59.1593,-23.1985],[-59.1646,-23.2033],[-59.1632,-23.2098],[-59.1762,-23.2179],[-59.186,-23.2182],[-59.1903,-23.2101],[-59.1963,-23.2177],[-59.2025,-23.2152],[-59.1961,-23.199],[-59.1977,-23.19],[-59.235,-23.0768],[-59.247,-23.0625],[-59.3871,-23.1479],[-59.4169,-23.299],[-59.4172,-23.3365]]]]}},{"type":"Feature","properties":{"n":"Pinasco","l":8,"c":[-23.139,-58.4069]},"geometry":{"type":"MultiPolygon","coordinates":[[[[-59.2852,-22.1909],[-59.2353,-22.2],[-59.2309,-22.1978],[-59.2364,-22.193],[-59.2174,-22.1844],[-59.2029,-22.1883],[-59.193,-22.2034],[-59.1623,-22.2033],[-59.1494,-22.2157],[-59.1261,-22.2126],[-59.1285,-22.2269],[-59.1156,-22.2278],[-59.1081,-22.2419],[-59.0989,-22.2473],[-59.0948,-22.2442],[-59.0937,-22.2618],[-58.9858,-22.411],[-59.0038,-22.4144],[-59.0113,-22.4261],[-58.8521,-22.6052],[-58.8871,-22.6011],[-58.8986,-22.6223],[-58.9262,-22.6131],[-58.938,-22.6136],[-58.9433,-22.6047],[-58.9601,-22.6072],[-58.9695,-22.6169],[-58.9745,-22.614],[-59.0011,-22.6202],[-59.0062,-22.6145],[-59.0201,-22.6285],[-59.0427,-22.6256],[-59.048,-22.6335],[-59.0542,-22.634],[-59.0526,-22.6462],[-59.0577,-22.65],[-59.0586,-22.6682],[-59.0839,-22.6632],[-59.1227,-22.6948],[-59.1167,-22.7028],[-59.1212,-22.7131],[-59.1212,-22.7402],[-59.1434,-22.7502],[-59.1548,-22.7875],[-59.1475,-22.8381],[-59.1495,-22.878],[-59.1429,-22.8838],[-59.1375,-22.9256],[-59.1557,-22.9868],[-59.17,-22.9869],[-59.247,-23.0625],[-59.235,-23.0768],[-59.1964,-23.1942],[-59.2025,-23.2152],[-59.1959,-23.2177],[-59.1903,-23.2101],[-59.186,-23.2182],[-59.1762,-23.2179],[-59.1632,-23.2098],[-59.1646,-23.2033],[-59.1593,-23.1985],[-59.1582,-23.2017],[-59.159,-23.1959],[-59.1541,-23.1983],[-59.1529,-23.1947],[-59.1529,-23.2046],[-59.1455,-23.203],[-59.1482,-23.2113],[-59.1402,-23.2118],[-59.141,-23.2067],[-59.1367,-23.2098],[-59.1328,-23.205],[-59.1254,-23.2068],[-59.1277,-23.2093],[-59.1221,-23.2139],[-59.1186,-23.21],[-59.1178,-23.2171],[-59.1024,-23.2176],[-59.0947,-23.2153],[-59.0966,-23.2045],[-59.0876,-23.2077],[-59.0917,-23.2016],[-59.0833,-23.1992],[-59.0854,-23.1914],[-59.0798,-23.1955],[-59.0753,-23.1925],[-59.0761,-23.1984],[-59.0814,-23.2002],[-59.0687,-23.2029],[-59.0672,-23.1958],[-59.0643,-23.2013],[-59.0609,-23.1961],[-59.0573,-23.1997],[-59.0505,-23.1972],[-59.0543,-23.1924],[-59.0494,-23.1946],[-59.0406,-23.1851],[-59.0325,-23.1879],[-59.0332,-23.1827],[-59.0276,-23.1825],[-59.0248,-23.1881],[-59.0268,-23.1716],[-59.0222,-23.175],[-59.0154,-23.1702],[-58.9968,-23.1786],[-58.9902,-23.1728],[-58.9864,-23.1773],[-58.9879,-23.1707],[-58.9793,-23.1779],[-58.9764,-23.1671],[-58.9762,-23.1718],[-58.9667,-23.1762],[-58.9782,-23.1846],[-58.9672,-23.1834],[-58.9661,-23.1898],[-58.9539,-23.1921],[-58.9568,-23.197],[-58.9459,-23.2036],[-58.9455,-23.2106],[-58.9387,-23.2078],[-58.9278,-23.2117],[-58.9356,-23.2211],[-58.935,-23.2283],[-58.9249,-23.2329],[-58.9269,-23.2233],[-58.9206,-23.2225],[-58.9223,-23.2261],[-58.9161,-23.2259],[-58.9209,-23.2328],[-58.9152,-23.2376],[-58.9035,-23.2233],[-58.899,-23.2323],[-58.8959,-23.2239],[-58.8914,-23.2266],[-58.8941,-23.2309],[-58.8828,-23.2264],[-58.8732,-23.232],[-58.8717,-23.2263],[-58.8641,-23.2291],[-58.8682,-23.2175],[-58.8611,-23.2222],[-58.8385,-23.2116],[-58.836,-23.2181],[-58.8358,-23.2112],[-58.8289,-23.2081],[-58.8248,-23.2247],[-58.8186,-23.2194],[-58.814,-23.221],[-58.8128,-23.2247],[-58.8204,-23.2225],[-58.8168,-23.2271],[-58.7873,-23.217],[-58.7893,-23.2299],[-58.7859,-23.2319],[-58.7799,-23.2233],[-58.7837,-23.2366],[-58.7762,-23.2328],[-58.7707,-23.2455],[-58.755,-23.2455],[-58.7365,-23.2379],[-58.7442,-23.2507],[-58.7316,-23.2486],[-58.7359,-23.2543],[-58.7285,-23.2575],[-58.7282,-23.2487],[-58.7239,-23.2494],[-58.7219,-23.2624],[-58.7173,-23.2622],[-58.7188,-23.2575],[-58.7091,-23.2569],[-58.7031,-23.262],[-58.7007,-23.2567],[-58.6982,-23.2604],[-58.694,-23.2577],[-58.6974,-23.2494],[-58.6858,-23.2572],[-58.6801,-23.2502],[-58.6692,-23.2532],[-58.6611,-23.245],[-58.6497,-23.2461],[-58.6519,-23.2524],[-58.6319,-23.2453],[-58.627,-23.2584],[-58.6285,-23.262],[-58.635,-23.2591],[-58.634,-23.2642],[-58.6278,-23.2641],[-58.6288,-23.2716],[-58.6218,-23.2738],[-58.6197,-23.2803],[-58.6136,-23.2751],[-58.6145,-23.2828],[-58.6106,-23.2872],[-58.6069,-23.2845],[-58.6076,-23.2946],[-58.6027,-23.2959],[-58.6063,-23.3011],[-58.5995,-23.3057],[-58.5967,-23.3011],[-58.5962,-23.3081],[-58.5752,-23.3075],[-58.5768,-23.3158],[-58.5706,-23.3156],[-58.5655,-23.3244],[-58.5582,-23.3192],[-58.5509,-23.321],[-58.5489,-23.3156],[-58.5529,-23.3128],[-58.5425,-23.3143],[-58.5295,-23.3088],[-58.5261,-23.3129],[-58.5134,-23.313],[-58.5107,-23.3153],[-58.5145,-23.3204],[-58.5056,-23.321],[-58.4945,-23.3327],[-58.4839,-23.3264],[-58.4777,-23.3317],[-58.4747,-23.3237],[-58.4733,-23.3301],[-58.4636,-23.3356],[-58.4591,-23.3326],[-58.451,-23.3441],[-58.439,-23.3422],[-58.4411,-23.3459],[-58.4315,-23.3515],[-58.4343,-23.3576],[-58.4288,-23.3542],[-58.414,-23.3607],[-58.412,-23.3501],[-58.4045,-23.3527],[-58.4015,-23.3478],[-58.3979,-23.3564],[-58.3922,-23.355],[-58.3895,-23.3475],[-58.3837,-23.3501],[-58.3845,-23.3438],[-58.3788,-23.3416],[-58.3728,-23.3456],[-58.3718,-23.3404],[-58.361,-23.3347],[-58.3493,-23.337],[-58.3514,-23.3407],[-58.3467,-23.3436],[-58.3511,-23.3468],[-58.3438,-23.3453],[-58.3407,-23.3542],[-58.3322,-23.3503],[-58.3341,-23.3565],[-58.3274,-23.3589],[-58.3162,-23.3508],[-58.3055,-23.3506],[-58.3029,-23.3418],[-58.2951,-23.3409],[-58.2923,-23.3329],[-58.2856,-23.3357],[-58.2762,-23.3279],[-58.2463,-23.3379],[-58.2326,-23.3371],[-58.2275,-23.3474],[-58.2215,-23.3484],[-58.2198,-23.3593],[-58.2122,-23.3577],[-58.2092,-23.3485],[-58.1947,-23.345],[-58.191,-23.337],[-58.1693,-23.3325],[-58.1739,-23.3242],[-58.1544,-23.3122],[-58.1484,-23.2955],[-58.1348,-23.2985],[-58.125,-23.2927],[-58.119,-23.295],[-58.1115,-23.2798],[-58.1029,-23.2752],[-58.1025,-23.2679],[-58.0917,-23.2659],[-58.0914,-23.2608],[-58.0758,-23.2646],[-58.0683,-23.2527],[-58.0598,-23.2512],[-58.0404,-23.2576],[-58.0301,-23.2534],[-58.0251,-23.2595],[-58.0167,-23.2516],[-58.0096,-23.2583],[-57.9974,-23.2513],[-57.9888,-23.2532],[-57.9868,-23.2437],[-57.9975,-23.2389],[-57.9862,-23.2285],[-57.9736,-23.227],[-57.9696,-23.2444],[-57.9642,-23.2443],[-57.9626,-23.2382],[-57.9583,-23.2406],[-57.9593,-23.2356],[-57.9545,-23.2424],[-57.9503,-23.2343],[-57.9348,-23.2296],[-57.9398,-23.2258],[-57.931,-23.2215],[-57.9327,-23.2172],[-57.9231,-23.2174],[-57.9231,-23.2139],[-57.9176,-23.2153],[-57.9195,-23.2197],[-57.9151,-23.2173],[-57.9088,-23.2214],[-57.9093,-23.2174],[-57.9054,-23.2193],[-57.8992,-23.2112],[-57.9066,-23.2101],[-57.9067,-23.2027],[-57.8857,-23.2083],[-57.8868,-23.2004],[-57.8819,-23.1962],[-57.8734,-23.2008],[-57.867,-23.1973],[-57.8607,-23.2037],[-57.8549,-23.2005],[-57.8532,-23.207],[-57.8406,-23.2121],[-57.8336,-23.1952],[-57.8288,-23.1976],[-57.8308,-23.1941],[-57.8257,-23.1928],[-57.833,-23.1874],[-57.8321,-23.1835],[-57.8266,-23.1843],[-57.8292,-23.1732],[-57.8397,-23.1691],[-57.835,-23.1581],[-57.8273,-23.1558],[-57.8357,-23.1519],[-57.839,-23.1466],[-57.8339,-23.1444],[-57.8378,-23.1433],[-57.831,-23.1407],[-57.8333,-23.1355],[-57.8288,-23.1364],[-57.8274,-23.1312],[-57.8309,-23.1316],[-57.8255,-23.1247],[-57.8176,-23.132],[-57.8141,-23.1287],[-57.8113,-23.1323],[-57.8101,-23.1272],[-57.7965,-23.1306],[-57.7913,-23.1274],[-57.791,-23.1129],[-57.7862,-23.1137],[-57.7932,-23.1099],[-57.7924,-23.1031],[-57.7806,-23.1102],[-57.7773,-23.1068],[-57.781,-23.1033],[-57.7738,-23.1014],[-57.7765,-23.0967],[-57.7714,-23.1014],[-57.7663,-23.0761],[-57.7622,-23.08],[-57.7597,-23.0731],[-57.7544,-23.0786],[-57.7469,-23.0752],[-57.7478,-23.0814],[-57.7528,-23.0788],[-57.7501,-23.088],[-57.7548,-23.0887],[-57.7503,-23.0921],[-57.748,-23.0875],[-57.7404,-23.0948],[-57.7464,-23.0971],[-57.7446,-23.1011],[-57.7193,-23.1071],[-57.7153,-23.1169],[-57.705,-23.1217],[-57.6792,-23.1176],[-57.6654,-23.0958],[-57.6892,-23.0978],[-57.7148,-23.0937],[-57.7222,-23.0882],[-57.7389,-23.0528],[-57.7674,-23.0353],[-57.7864,-23.0321],[-57.7897,-23.0252],[-57.7832,-23.0039],[-57.765,-22.9752],[-57.7701,-22.9631],[-57.7914,-22.9401],[-57.8214,-22.9154],[-57.8211,-22.907],[-57.7991,-22.8933],[-57.7892,-22.8778],[-57.7905,-22.8647],[-57.8043,-22.8402],[-57.809,-22.8215],[-57.8146,-22.8157],[-57.8376,-22.8088],[-57.8756,-22.8018],[-57.8839,-22.7914],[-57.8771,-22.7778],[-57.8859,-22.7602],[-57.9245,-22.743],[-57.9387,-22.7139],[-57.9404,-22.7002],[-57.9357,-22.6855],[-57.9191,-22.6662],[-57.906,-22.6585],[-57.8436,-22.6518],[-57.7866,-22.6641],[-57.7733,-22.6563],[-57.7725,-22.6434],[-57.7798,-22.6231],[-57.8282,-22.5683],[-57.8307,-22.5123],[-57.8448,-22.4846],[-57.8402,-22.4435],[-57.8615,-22.4222],[-57.8659,-22.4116],[-57.8632,-22.4022],[-57.8562,-22.3976],[-58.1856,-22.3494],[-58.2027,-22.2825],[-58.2455,-22.2405],[-58.2374,-22.1984],[-58.2419,-22.1898],[-58.2669,-22.1795],[-58.3967,-22.179],[-58.4523,-22.1636],[-58.4597,-22.1568],[-58.4736,-22.1562],[-58.6419,-22.1544],[-58.649,-22.1583],[-58.659,-22.154],[-58.7371,-22.1525],[-58.7523,-22.1574],[-58.8432,-22.1568],[-58.8566,-22.1512],[-58.9626,-22.1504],[-58.9856,-22.16],[-59.0184,-22.1501],[-59.2016,-22.1479],[-59.2393,-22.1316],[-59.2852,-22.1909]]]]}},{"type":"Feature","properties":{"n":"Guarambaré","l":8,"c":[-25.4887,-57.4559]},"geometry":{"type":"MultiPolygon","coordinates":[[[[-57.4853,-25.5076],[-57.4697,-25.5159],[-57.4653,-25.5117],[-57.4489,-25.5274],[-57.4348,-25.5072],[-57.4222,-25.4671],[-57.4284,-25.4592],[-57.4627,-25.4563],[-57.4853,-25.5076]]]]}},{"type":"Feature","properties":{"n":"Julián Augusto Saldívar","l":8,"c":[-25.4309,-57.4326]},"geometry":{"type":"MultiPolygon","coordinates":[[[[-57.4718,-25.4464],[-57.4594,-25.4522],[-57.4627,-25.4563],[-57.4284,-25.4592],[-57.4021,-25.4462],[-57.3987,-25.4191],[-57.4271,-25.4124],[-57.4237,-25.4036],[-57.4473,-25.3961],[-57.4508,-25.4121],[-57.4718,-25.4464]]]]}},{"type":"Feature","properties":{"n":"Nueva Italia","l":8,"c":[-25.7168,-57.4484]},"geometry":{"type":"MultiPolygon","coordinates":[[[[-57.5345,-25.9849],[-57.5216,-25.9892],[-57.5036,-25.9749],[-57.4984,-25.9767],[-57.4996,-26.0251],[-57.476,-25.9723],[-57.4165,-25.8905],[-57.423,-25.8541],[-57.4429,-25.8446],[-57.4526,-25.8296],[-57.4565,-25.8175],[-57.4538,-25.8084],[-57.4633,-25.7793],[-57.4574,-25.7721],[-57.4682,-25.7561],[-57.4556,-25.7362],[-57.458,-25.7322],[-57.4268,-25.7008],[-57.4335,-25.7049],[-57.4362,-25.7016],[-57.4286,-25.6952],[-57.4261,-25.7],[-57.4266,-25.696],[-57.4166,-25.6945],[-57.4215,-25.6471],[-57.4068,-25.6287],[-57.3972,-25.6292],[-57.3937,-25.6209],[-57.4138,-25.5986],[-57.4293,-25.5947],[-57.4324,-25.5884],[-57.4443,-25.5915],[-57.4574,-25.5868],[-57.4727,-25.5735],[-57.5011,-25.5599],[-57.5081,-25.5921],[-57.5273,-25.8105],[-57.5212,-25.8379],[-57.5223,-25.9525],[-57.5165,-25.9551],[-57.5332,-25.9655],[-57.5178,-25.9763],[-57.5345,-25.9849]]]]}},{"type":"Feature","properties":{"n":"San Antonio","l":8,"c":[-25.4226,-57.5563]},"geometry":{"type":"MultiPolygon","coordinates":[[[[-57.5976,-25.4007],[-57.546,-25.4554],[-57.5357,-25.4463],[-57.5412,-25.4104],[-57.5459,-25.4121],[-57.5717,-25.3848],[-57.5724,-25.3927],[-57.5976,-25.4007]]]]}},{"type":"Feature","properties":{"n":"Villeta","l":8,"c":[-25.754,-57.6387]},"geometry":{"type":"MultiPolygon","coordinates":[[[[-57.8274,-25.7591],[-57.8192,-25.7816],[-57.7965,-25.8102],[-57.7966,-25.8249],[-57.8063,-25.8392],[-57.7931,-25.8361],[-57.7861,-25.8285],[-57.7924,-25.797],[-57.7788,-25.8036],[-57.7655,-25.7998],[-57.7585,-25.7927],[-57.7611,-25.781],[-57.7657,-25.7802],[-57.756,-25.7769],[-57.7596,-25.7723],[-57.7555,-25.7722],[-57.7566,-25.768],[-57.7451,-25.7687],[-57.7465,-25.7785],[-57.74,-25.7831],[-57.7433,-25.7804],[-57.7444,-25.7855],[-57.7508,-25.7843],[-57.748,-25.7906],[-57.7535,-25.7912],[-57.7387,-25.8104],[-57.7453,-25.8146],[-57.7391,-25.8196],[-57.7431,-25.8283],[-57.7395,-25.832],[-57.7467,-25.8331],[-57.7403,-25.8378],[-57.7357,-25.8337],[-57.7353,-25.8375],[-57.7311,-25.8315],[-57.7274,-25.8445],[-57.7148,-25.8476],[-57.7141,-25.8517],[-57.7051,-25.8495],[-57.7049,-25.8443],[-57.7012,-25.8487],[-57.6926,-25.8464],[-57.687,-25.8614],[-57.6808,-25.8572],[-57.6821,-25.8602],[-57.6737,-25.8642],[-57.6685,-25.8611],[-57.6646,-25.8684],[-57.6636,-25.8627],[-57.655,-25.8645],[-57.6585,-25.8611],[-57.6502,-25.8571],[-57.6469,-25.861],[-57.6413,-25.8544],[-57.6355,-25.8671],[-57.6249,-25.8639],[-57.6326,-25.8691],[-57.6304,-25.8743],[-57.6172,-25.8796],[-57.6124,-25.8689],[-57.6009,-25.8663],[-57.6024,-25.8763],[-57.6053,-25.8713],[-57.6087,-25.8737],[-57.6031,-25.8815],[-57.6101,-25.893],[-57.5965,-25.9031],[-57.5831,-25.8998],[-57.5771,-25.9117],[-57.5576,-25.9245],[-57.5427,-25.9477],[-57.5336,-25.9425],[-57.5223,-25.9525],[-57.5212,-25.8379],[-57.5273,-25.8105],[-57.5044,-25.5725],[-57.5,-25.56],[-57.4727,-25.5735],[-57.4574,-25.5868],[-57.4443,-25.5915],[-57.4324,-25.5884],[-57.4293,-25.5947],[-57.415,-25.5994],[-57.4131,-25.591],[-57.4217,-25.5834],[-57.4271,-25.5632],[-57.4199,-25.5367],[-57.4312,-25.5235],[-57.4237,-25.4775],[-57.4348,-25.5072],[-57.4489,-25.5274],[-57.4653,-25.5117],[-57.4697,-25.5159],[-57.4853,-25.5076],[-57.4785,-25.4977],[-57.4885,-25.4897],[-57.5126,-25.4888],[-57.528,-25.4827],[-57.5428,-25.485],[-57.556,-25.4788],[-57.5674,-25.4821],[-57.5807,-25.5168],[-57.5691,-25.546],[-57.5797,-25.5689],[-57.6049,-25.5689],[-57.6051,-25.5912],[-57.612,-25.6116],[-57.6287,-25.6174],[-57.6576,-25.596],[-57.6741,-25.5964],[-57.6771,-25.6056],[-57.6704,-25.6503],[-57.6739,-25.6588],[-57.6871,-25.6619],[-57.7192,-25.6444],[-57.7337,-25.6466],[-57.7491,-25.6599],[-57.7656,-25.6917],[-57.7673,-25.7016],[-57.7603,-25.709],[-57.7281,-25.7098],[-57.7331,-25.7251],[-57.764,-25.7419],[-57.7804,-25.7612],[-57.793,-25.7616],[-57.8163,-25.7509],[-57.8274,-25.7591]]]]}},{"type":"Feature","properties":{"n":"Ypané","l":8,"c":[-25.4646,-57.5154]},"geometry":{"type":"MultiPolygon","coordinates":[[[[-57.5674,-25.4821],[-57.556,-25.4788],[-57.5428,-25.485],[-57.528,-25.4827],[-57.5126,-25.4888],[-57.4929,-25.4881],[-57.4785,-25.4977],[-57.4711,-25.4825],[-57.4759,-25.4794],[-57.4594,-25.4522],[-57.4718,-25.4464],[-57.4653,-25.4391],[-57.5,-25.4228],[-57.5106,-25.4233],[-57.5446,-25.4554],[-57.555,-25.4426],[-57.5606,-25.4705],[-57.5674,-25.4821]]]]}},{"type":"Feature","properties":{"n":"Ñemby","l":8,"c":[-25.3926,-57.5399]},"geometry":{"type":"MultiPolygon","coordinates":[[[[-57.5713,-25.3827],[-57.5512,-25.4073],[-57.5442,-25.4129],[-57.5412,-25.4104],[-57.5346,-25.4437],[-57.5111,-25.4242],[-57.5153,-25.4073],[-57.5085,-25.4071],[-57.5167,-25.4051],[-57.5062,-25.4023],[-57.5233,-25.3858],[-57.5197,-25.3797],[-57.527,-25.3758],[-57.5252,-25.3726],[-57.5522,-25.3637],[-57.5569,-25.368],[-57.5668,-25.361],[-57.5713,-25.3827]]]]}},{"type":"Feature","properties":{"n":"Domingo Martínez de Irala","l":8,"c":[-25.7966,-54.7033]},"geometry":{"type":"MultiPolygon","coordinates":[[[[-54.8131,-25.8384],[-54.6589,-25.9793],[-54.6218,-25.9853],[-54.6106,-25.9782],[-54.6078,-25.9579],[-54.621,-25.9378],[-54.6223,-25.9143],[-54.5951,-25.8579],[-54.587,-25.8304],[-54.5916,-25.818],[-54.6252,-25.7778],[-54.6354,-25.7908],[-54.6411,-25.7882],[-54.6448,-25.7739],[-54.6548,-25.7716],[-54.6595,-25.7642],[-54.6643,-25.7659],[-54.6612,-25.7727],[-54.6686,-25.7804],[-54.6717,-25.7752],[-54.6808,-25.7745],[-54.6754,-25.7712],[-54.6812,-25.7717],[-54.683,-25.7631],[-54.6869,-25.7711],[-54.7064,-25.7715],[-54.7336,-25.7885],[-54.744,-25.7881],[-54.7721,-25.7721],[-54.7903,-25.7763],[-54.7993,-25.7681],[-54.8131,-25.8384]]]]}},{"type":"Feature","properties":{"n":"Iruña","l":8,"c":[-26.1515,-55.0171]},"geometry":{"type":"MultiPolygon","coordinates":[[[[-55.2058,-26.2308],[-55.2056,-26.2338],[-55.1934,-26.2261],[-55.1841,-26.2135],[-55.1679,-26.2169],[-55.1495,-26.2068],[-55.1396,-26.2063],[-55.1235,-26.2195],[-55.1025,-26.2147],[-55.1019,-26.2249],[-55.0789,-26.2297],[-55.0787,-26.2366],[-55.0713,-26.2376],[-55.0681,-26.2433],[-55.0589,-26.2305],[-55.0505,-26.2398],[-55.0437,-26.2356],[-55.0355,-26.2378],[-55.0351,-26.2289],[-55.0414,-26.2275],[-55.0368,-26.2222],[-55.0281,-26.2236],[-55.0255,-26.229],[-55.0237,-26.2254],[-55.0176,-26.2294],[-55.0183,-26.2345],[-55.0113,-26.2362],[-55.0021,-26.2344],[-54.991,-26.2234],[-54.982,-26.2308],[-54.9864,-26.2321],[-54.9826,-26.2428],[-54.9815,-26.2382],[-54.9661,-26.2377],[-54.9738,-26.2312],[-54.9693,-26.2268],[-54.9577,-26.2289],[-54.9565,-26.2363],[-54.9499,-26.2385],[-54.9474,-26.2327],[-54.9587,-26.218],[-54.948,-26.2175],[-54.9512,-26.2096],[-54.9467,-26.2059],[-54.9395,-26.2084],[-54.9347,-26.2189],[-54.9272,-26.2126],[-54.9212,-26.2245],[-54.9275,-26.2256],[-54.9154,-26.229],[-54.9162,-26.2231],[-54.9084,-26.2203],[-54.9175,-26.2125],[-54.9029,-26.2075],[-54.9196,-26.2025],[-54.9105,-26.1946],[-54.9172,-26.1908],[-54.9116,-26.1817],[-54.9082,-26.1808],[-54.9066,-26.1909],[-54.9001,-26.1932],[-54.8986,-26.1997],[-54.8914,-26.1954],[-54.8935,-26.1924],[-54.8838,-26.1954],[-54.8709,-26.1905],[-54.878,-26.1718],[-54.8765,-26.1582],[-54.8889,-26.1359],[-54.9818,-26.1071],[-54.9762,-26.0927],[-54.959,-26.0792],[-54.9618,-26.0687],[-54.9352,-26.0552],[-54.9317,-26.0485],[-54.9345,-26.0434],[-54.9211,-26.0317],[-54.9365,-25.9806],[-54.9442,-25.9791],[-54.9411,-25.9863],[-54.945,-25.9873],[-54.9508,-26.0053],[-54.9569,-25.9923],[-54.9639,-25.9921],[-54.9657,-26.0012],[-54.9782,-25.9945],[-54.9755,-26.0139],[-54.9822,-26.021],[-54.9877,-26.0074],[-54.9955,-26.0062],[-55.0075,-26.0099],[-55.009,-26.0268],[-55.0144,-26.0261],[-55.0155,-26.0155],[-55.0261,-26.0054],[-55.0335,-26.0142],[-55.0244,-26.0184],[-55.0218,-26.0275],[-55.034,-26.0265],[-55.0299,-26.0375],[-55.0364,-26.0336],[-55.043,-26.0366],[-55.0465,-26.0527],[-55.0502,-26.047],[-55.0649,-26.0466],[-55.0568,-26.0349],[-55.0752,-26.0386],[-55.0687,-26.0453],[-55.0686,-26.0519],[-55.0737,-26.0523],[-55.0857,-26.0438],[-55.0772,-26.0423],[-55.0796,-26.0363],[-55.0901,-26.0304],[-55.0984,-26.0355],[-55.0883,-26.0472],[-55.1083,-26.0375],[-55.1118,-26.0509],[-55.1188,-26.0514],[-55.1159,-26.0616],[-55.1296,-26.0553],[-55.1358,-26.0593],[-55.1363,-26.0693],[-55.1515,-26.0761],[-55.147,-26.0931],[-55.1597,-26.1152],[-55.1601,-26.1354],[-55.1801,-26.1848],[-55.2058,-26.2308]]]]}},{"type":"Feature","properties":{"n":"Juan Emilio O'Leary","l":8,"c":[-25.5698,-55.391]},"geometry":{"type":"MultiPolygon","coordinates":[[[[-55.4177,-25.524],[-55.4261,-25.5575],[-55.4233,-25.5559],[-55.4189,-25.5659],[-55.4205,-25.5757],[-55.4132,-25.584],[-55.4153,-25.5895],[-55.3992,-25.6043],[-55.4039,-25.6135],[-55.3993,-25.6136],[-55.4013,-25.6206],[-55.3905,-25.6296],[-55.3733,-25.62],[-55.3698,-25.6074],[-55.3648,-25.6089],[-55.3641,-25.604],[-55.3617,-25.607],[-55.347,-25.5886],[-55.3057,-25.3674],[-55.3069,-25.3495],[-55.3132,-25.3415],[-55.3275,-25.3356],[-55.3512,-25.3564],[-55.378,-25.3616],[-55.4177,-25.524]]]]}},{"type":"Feature","properties":{"n":"Los Cedrales","l":8,"c":[-25.6978,-54.7606]},"geometry":{"type":"MultiPolygon","coordinates":[[[[-54.8661,-25.6908],[-54.8571,-25.6946],[-54.8533,-25.7397],[-54.8333,-25.7586],[-54.8234,-25.7569],[-54.8077,-25.7662],[-54.8019,-25.7648],[-54.7903,-25.7763],[-54.7721,-25.7721],[-54.7579,-25.7826],[-54.7527,-25.7807],[-54.7448,-25.788],[-54.7336,-25.7885],[-54.7064,-25.7715],[-54.6869,-25.7711],[-54.683,-25.7631],[-54.6812,-25.7717],[-54.6754,-25.7712],[-54.6808,-25.7745],[-54.6717,-25.7752],[-54.6686,-25.7804],[-54.6612,-25.7727],[-54.6643,-25.7659],[-54.6595,-25.7642],[-54.6548,-25.7716],[-54.6448,-25.7739],[-54.6411,-25.7882],[-54.6354,-25.7908],[-54.6252,-25.7778],[-54.6332,-25.7611],[-54.6352,-25.7355],[-54.6578,-25.6877],[-54.6582,-25.6758],[-54.6452,-25.6611],[-54.7119,-25.5761],[-54.7206,-25.5819],[-54.7207,-25.5894],[-54.7294,-25.6003],[-54.7402,-25.5977],[-54.7303,-25.584],[-54.7567,-25.5864],[-54.7615,-25.5742],[-54.7669,-25.5884],[-54.7549,-25.5957],[-54.768,-25.5933],[-54.7744,-25.5996],[-54.7751,-25.5916],[-54.784,-25.5995],[-54.7919,-25.5938],[-54.7969,-25.6069],[-54.8053,-25.6051],[-54.8077,-25.6111],[-54.8137,-25.6099],[-54.8103,-25.5993],[-54.8153,-25.5786],[-54.8301,-25.5856],[-54.8369,-25.5968],[-54.84,-25.5874],[-54.8479,-25.5877],[-54.8546,-25.5976],[-54.8607,-25.5981],[-54.863,-25.6091],[-54.856,-25.6149],[-54.8539,-25.6037],[-54.8488,-25.6024],[-54.8441,-25.6285],[-54.8471,-25.6373],[-54.8591,-25.6442],[-54.8661,-25.6908]]]]}},{"type":"Feature","properties":{"n":"Naranjal","l":8,"c":[-26.0014,-55.1984]},"geometry":{"type":"MultiPolygon","coordinates":[[[[-55.4099,-25.9425],[-55.3922,-25.9528],[-55.3895,-25.9663],[-55.3661,-25.9722],[-55.3648,-25.9847],[-55.3574,-25.993],[-55.3473,-25.9897],[-55.3447,-25.9955],[-55.3406,-25.9941],[-55.3445,-26.0021],[-55.3255,-26.012],[-55.3254,-26.0188],[-55.3301,-26.02],[-55.3221,-26.0198],[-55.3214,-26.0273],[-55.3066,-26.0356],[-55.3052,-26.0423],[-55.2944,-26.0387],[-55.2831,-26.0526],[-55.2739,-26.0404],[-55.2649,-26.0441],[-55.2575,-26.0368],[-55.2533,-26.0419],[-55.249,-26.0579],[-55.2558,-26.0652],[-55.2482,-26.0715],[-55.2559,-26.0736],[-55.2506,-26.0784],[-55.2579,-26.0813],[-55.263,-26.0762],[-55.2683,-26.0777],[-55.2684,-26.0822],[-55.281,-26.089],[-55.2815,-26.0962],[-55.2897,-26.0951],[-55.2884,-26.0836],[-55.2919,-26.0887],[-55.2994,-26.0879],[-55.2966,-26.1028],[-55.3119,-26.1084],[-55.3132,-26.1187],[-55.3225,-26.1176],[-55.3143,-26.1258],[-55.3226,-26.134],[-55.3202,-26.1391],[-55.309,-26.1401],[-55.2966,-26.1488],[-55.3039,-26.1627],[-55.2936,-26.1705],[-55.2962,-26.1771],[-55.2895,-26.188],[-55.2903,-26.1954],[-55.2628,-26.2167],[-55.261,-26.2355],[-55.2302,-26.2449],[-55.212,-26.24],[-55.2056,-26.2338],[-55.1801,-26.1848],[-55.16,-26.1352],[-55.1595,-26.1145],[-55.1472,-26.0937],[-55.1515,-26.0761],[-55.1363,-26.0693],[-55.1359,-26.0595],[-55.13,-26.0554],[-55.1159,-26.0616],[-55.1188,-26.0514],[-55.1118,-26.0509],[-55.1083,-26.0375],[-55.0883,-26.0472],[-55.0984,-26.0355],[-55.0903,-26.0304],[-55.0796,-26.0363],[-55.0772,-26.0423],[-55.0857,-26.0438],[-55.0737,-26.0523],[-55.0686,-26.0519],[-55.0687,-26.0453],[-55.0752,-26.0386],[-55.0568,-26.0349],[-55.0649,-26.0466],[-55.0502,-26.047],[-55.0462,-26.0526],[-55.043,-26.0366],[-55.0364,-26.0336],[-55.0299,-26.0375],[-55.034,-26.0265],[-55.0218,-26.0275],[-55.0244,-26.0184],[-55.0334,-26.0137],[-55.0256,-26.0054],[-55.0155,-26.0155],[-55.0148,-26.0257],[-55.0091,-26.0269],[-55.0076,-26.01],[-54.9961,-26.0092],[-54.9939,-26.004],[-54.9992,-26.0019],[-54.9939,-25.9995],[-54.9982,-25.9938],[-54.9903,-25.9925],[-54.9883,-25.9854],[-55.0099,-25.9823],[-55.0076,-25.9743],[-55.0126,-25.9698],[-55.0131,-25.9755],[-55.0266,-25.9726],[-55.0247,-25.9594],[-55.0148,-25.9585],[-55.0116,-25.9485],[-55.0205,-25.9473],[-55.0266,-25.9335],[-55.0334,-25.9353],[-55.0369,-25.9303],[-55.0421,-25.9357],[-55.041,-25.9232],[-55.0527,-25.9213],[-55.0597,-25.9055],[-55.0679,-25.9061],[-55.0702,-25.9148],[-55.076,-25.9172],[-55.0869,-25.9106],[-55.0872,-25.9006],[-55.0991,-25.9077],[-55.1069,-25.9076],[-55.1073,-25.9022],[-55.1123,-25.902],[-55.1113,-25.9067],[-55.1234,-25.9091],[-55.1282,-25.8981],[-55.1329,-25.9036],[-55.1402,-25.9017],[-55.1441,-25.9082],[-55.1476,-25.9021],[-55.1567,-25.9067],[-55.1615,-25.903],[-55.1892,-25.9198],[-55.2072,-25.9092],[-55.2159,-25.9097],[-55.2213,-25.9164],[-55.2265,-25.9085],[-55.2314,-25.9191],[-55.2334,-25.9148],[-55.2399,-25.9153],[-55.2448,-25.9053],[-55.2548,-25.9038],[-55.2649,-25.8945],[-55.2768,-25.8995],[-55.2886,-25.9127],[-55.3016,-25.9115],[-55.31,-25.9194],[-55.3282,-25.9153],[-55.3421,-25.9197],[-55.3883,-25.9037],[-55.3994,-25.9102],[-55.4099,-25.9425]]]]}},{"type":"Feature","properties":{"n":"Presidente Franco","l":8,"c":[-25.5921,-54.6252]},"geometry":{"type":"MultiPolygon","coordinates":[[[[-54.7119,-25.5761],[-54.6452,-25.6611],[-54.6314,-25.6591],[-54.6034,-25.669],[-54.5836,-25.6662],[-54.5811,-25.6582],[-54.5981,-25.6231],[-54.5941,-25.5551],[-54.6062,-25.5459],[-54.6102,-25.5478],[-54.6152,-25.5388],[-54.6932,-25.5388],[-54.704,-25.546],[-54.7057,-25.5708],[-54.7119,-25.5761]]]]}},{"type":"Feature","properties":{"n":"San Cristóbal","l":8,"c":[-25.7983,-55.3599]},"geometry":{"type":"MultiPolygon","coordinates":[[[[-55.5506,-25.9969],[-55.5319,-25.9931],[-55.5255,-25.9983],[-55.5187,-25.9879],[-55.5063,-25.9859],[-55.465,-25.998],[-55.4604,-25.989],[-55.4578,-26.0033],[-55.4372,-25.9996],[-55.4304,-26.0024],[-55.4313,-26.0097],[-55.4252,-26.0032],[-55.4266,-25.9973],[-55.4166,-26.0026],[-55.4097,-25.9984],[-55.4039,-26.0073],[-55.4063,-26.0182],[-55.3919,-26.0352],[-55.3852,-26.0308],[-55.3878,-26.0245],[-55.3845,-26.0269],[-55.3762,-26.0176],[-55.3781,-26.013],[-55.3845,-26.0144],[-55.3752,-26.0092],[-55.384,-26.0086],[-55.3818,-25.9999],[-55.3649,-26.0058],[-55.3638,-25.997],[-55.3574,-25.9928],[-55.3648,-25.9847],[-55.3661,-25.9722],[-55.3895,-25.9663],[-55.3922,-25.9528],[-55.4098,-25.9429],[-55.4048,-25.9202],[-55.3905,-25.9041],[-55.3632,-25.9094],[-55.3421,-25.9197],[-55.3282,-25.9153],[-55.31,-25.9194],[-55.3016,-25.9115],[-55.2886,-25.9127],[-55.2768,-25.8995],[-55.2649,-25.8945],[-55.2548,-25.9038],[-55.2448,-25.9053],[-55.2399,-25.9153],[-55.2334,-25.9148],[-55.2314,-25.9191],[-55.2265,-25.9085],[-55.2213,-25.9164],[-55.2159,-25.9097],[-55.2072,-25.9092],[-55.1892,-25.9198],[-55.1714,-25.9064],[-55.1477,-25.9021],[-55.1441,-25.9082],[-55.1366,-25.8994],[-55.1582,-25.8929],[-55.1713,-25.8699],[-55.1915,-25.8708],[-55.1988,-25.8572],[-55.2077,-25.8554],[-55.2158,-25.8424],[-55.2391,-25.8364],[-55.2464,-25.8294],[-55.2544,-25.8286],[-55.2585,-25.8334],[-55.269,-25.8264],[-55.2778,-25.815],[-55.2745,-25.795],[-55.2864,-25.7847],[-55.288,-25.7721],[-55.2759,-25.7487],[-55.2785,-25.7364],[-55.2689,-25.7105],[-55.2696,-25.6967],[-55.2439,-25.6717],[-55.2373,-25.636],[-55.2312,-25.6283],[-55.2284,-25.5984],[-55.2183,-25.5928],[-55.2151,-25.5718],[-55.2184,-25.5562],[-55.2134,-25.5363],[-55.2186,-25.5221],[-55.2352,-25.5225],[-55.2317,-25.524],[-55.2397,-25.5281],[-55.2371,-25.5317],[-55.2476,-25.5384],[-55.2475,-25.5478],[-55.2527,-25.5477],[-55.2501,-25.5543],[-55.2591,-25.5604],[-55.2639,-25.5552],[-55.2616,-25.5616],[-55.2684,-25.5621],[-55.2688,-25.5697],[-55.304,-25.5651],[-55.305,-25.5712],[-55.3108,-25.5692],[-55.3093,-25.5748],[-55.3141,-25.5716],[-55.3141,-25.5775],[-55.3182,-25.5752],[-55.3233,-25.5792],[-55.3191,-25.5844],[-55.3267,-25.5832],[-55.3331,-25.575],[-55.3389,-25.5767],[-55.3396,-25.5845],[-55.3435,-25.5836],[-55.3417,-25.5894],[-55.347,-25.5885],[-55.3617,-25.607],[-55.3641,-25.604],[-55.3648,-25.6089],[-55.3698,-25.6074],[-55.3733,-25.62],[-55.3915,-25.6298],[-55.4025,-25.6212],[-55.4087,-25.6238],[-55.4101,-25.6305],[-55.4169,-25.6309],[-55.4272,-25.6597],[-55.4367,-25.6611],[-55.4529,-25.6541],[-55.4603,-25.6755],[-55.4771,-25.6804],[-55.4776,-25.6854],[-55.473,-25.6868],[-55.4776,-25.6926],[-55.4656,-25.7054],[-55.4658,-25.7173],[-55.4783,-25.7272],[-55.4802,-25.7336],[-55.475,-25.7358],[-55.4853,-25.747],[-55.4841,-25.7575],[-55.4933,-25.7646],[-55.5022,-25.7817],[-55.5081,-25.78],[-55.5144,-25.7856],[-55.5173,-25.8018],[-55.5219,-25.8041],[-55.5223,-25.8268],[-55.5297,-25.8454],[-55.5181,-25.8615],[-55.5132,-25.8611],[-55.5135,-25.8736],[-55.5226,-25.8766],[-55.5269,-25.8886],[-55.5182,-25.8929],[-55.5158,-25.9018],[-55.5247,-25.9247],[-55.5222,-25.9364],[-55.5349,-25.9571],[-55.5341,-25.97],[-55.5389,-25.9717],[-55.5506,-25.9969]]]]}},{"type":"Feature","properties":{"n":"Santa Rita","l":8,"c":[-25.8178,-55.1599]},"geometry":{"type":"MultiPolygon","coordinates":[[[[-55.288,-25.7721],[-55.2861,-25.7855],[-55.2745,-25.795],[-55.2778,-25.815],[-55.269,-25.8264],[-55.2585,-25.8334],[-55.2544,-25.8286],[-55.2464,-25.8294],[-55.2391,-25.8364],[-55.2158,-25.8424],[-55.2077,-25.8554],[-55.1988,-25.8572],[-55.1915,-25.8708],[-55.1834,-25.873],[-55.1777,-25.8676],[-55.1683,-25.8716],[-55.1628,-25.8886],[-55.1371,-25.8987],[-55.1368,-25.9031],[-55.1282,-25.8981],[-55.1234,-25.9091],[-55.1113,-25.9067],[-55.1123,-25.902],[-55.1073,-25.9022],[-55.1069,-25.9076],[-55.0991,-25.9077],[-55.087,-25.9007],[-55.0869,-25.9106],[-55.0726,-25.9168],[-55.0716,-25.91],[-55.0546,-25.8977],[-55.0287,-25.8631],[-55.0232,-25.8443],[-55.0264,-25.8359],[-55.0106,-25.8189],[-55.0033,-25.7693],[-55.0092,-25.7685],[-55.0105,-25.7594],[-55.0035,-25.7484],[-54.9796,-25.7353],[-54.9776,-25.7299],[-54.9961,-25.7298],[-54.9983,-25.715],[-55.0223,-25.7034],[-55.013,-25.6904],[-55.0145,-25.6857],[-55.066,-25.6822],[-55.0738,-25.6741],[-55.1405,-25.654],[-55.1618,-25.6688],[-55.249,-25.6737],[-55.2696,-25.6967],[-55.2689,-25.7105],[-55.2785,-25.7364],[-55.2759,-25.7487],[-55.288,-25.7721]]]]}},{"type":"Feature","properties":{"n":"Santa Rosa del Monday","l":8,"c":[-25.891,-54.9577]},"geometry":{"type":"MultiPolygon","coordinates":[[[[-55.0634,-25.9052],[-55.0596,-25.9056],[-55.0597,-25.9118],[-55.0543,-25.9119],[-55.0527,-25.9213],[-55.041,-25.9232],[-55.0421,-25.9357],[-55.0369,-25.9303],[-55.0334,-25.9353],[-55.0266,-25.9335],[-55.0205,-25.9473],[-55.0116,-25.9485],[-55.0148,-25.9585],[-55.0247,-25.9594],[-55.0267,-25.9724],[-55.0131,-25.9755],[-55.0126,-25.9698],[-55.0076,-25.9743],[-55.0099,-25.9823],[-54.9883,-25.9854],[-54.9903,-25.9925],[-54.9982,-25.9938],[-54.9939,-25.9995],[-54.9993,-26.0023],[-54.9877,-26.0074],[-54.9841,-26.0208],[-54.9755,-26.0139],[-54.9778,-25.9942],[-54.9657,-26.0012],[-54.9639,-25.9921],[-54.9569,-25.9923],[-54.9508,-26.0053],[-54.945,-25.9873],[-54.9411,-25.9863],[-54.944,-25.9788],[-54.919,-25.9892],[-54.9314,-25.9795],[-54.9354,-25.9736],[-54.9319,-25.9722],[-54.9244,-25.9729],[-54.9228,-25.9828],[-54.9146,-25.9805],[-54.9061,-25.9932],[-54.8992,-25.9881],[-54.9096,-25.98],[-54.9042,-25.9734],[-54.8966,-25.9829],[-54.8844,-25.9858],[-54.8762,-25.9772],[-54.8742,-26.0018],[-54.8599,-26.0118],[-54.8616,-25.9963],[-54.8544,-25.9975],[-54.8455,-25.9915],[-54.8471,-25.9758],[-54.8406,-25.9781],[-54.8379,-25.8718],[-54.8131,-25.8384],[-54.7993,-25.7688],[-54.823,-25.757],[-54.8333,-25.7586],[-54.8533,-25.7397],[-54.8571,-25.6946],[-54.8661,-25.6908],[-54.8596,-25.6395],[-54.8654,-25.6383],[-54.8673,-25.6438],[-54.8822,-25.6396],[-54.8804,-25.6539],[-54.8912,-25.6546],[-54.902,-25.649],[-54.8997,-25.6553],[-54.9084,-25.6595],[-54.917,-25.7208],[-54.9883,-25.709],[-54.9899,-25.7171],[-54.998,-25.7166],[-54.9961,-25.7298],[-54.9796,-25.7286],[-54.9784,-25.7328],[-55.0035,-25.7484],[-55.0105,-25.7594],[-55.0092,-25.7685],[-55.0033,-25.7693],[-55.0106,-25.8189],[-55.0264,-25.8359],[-55.0232,-25.8443],[-55.0287,-25.8631],[-55.0634,-25.9052]]]]}},{"type":"Feature","properties":{"n":"Ñacunday","l":8,"c":[-26.1351,-54.8121]},"geometry":{"type":"MultiPolygon","coordinates":[[[[-54.9798,-26.0994],[-54.9818,-26.1071],[-54.8889,-26.1359],[-54.8765,-26.1582],[-54.878,-26.1718],[-54.8649,-26.1809],[-54.8567,-26.181],[-54.8555,-26.1886],[-54.8438,-26.1881],[-54.8436,-26.1806],[-54.8371,-26.1805],[-54.8401,-26.188],[-54.8294,-26.1955],[-54.836,-26.2032],[-54.8201,-26.2033],[-54.8281,-26.2102],[-54.8083,-26.2076],[-54.8175,-26.1934],[-54.8155,-26.1901],[-54.8107,-26.1896],[-54.8124,-26.1955],[-54.8033,-26.1933],[-54.793,-26.206],[-54.7823,-26.2081],[-54.786,-26.2184],[-54.7794,-26.2236],[-54.7841,-26.2295],[-54.7785,-26.2365],[-54.7734,-26.2399],[-54.7696,-26.2341],[-54.7619,-26.235],[-54.7628,-26.2494],[-54.7531,-26.2405],[-54.7442,-26.2506],[-54.7408,-26.2347],[-54.724,-26.2566],[-54.7191,-26.2547],[-54.7224,-26.2484],[-54.7135,-26.2359],[-54.6992,-26.2559],[-54.6998,-26.2383],[-54.7056,-26.2292],[-54.6933,-26.228],[-54.6757,-26.2429],[-54.6725,-26.2544],[-54.6187,-26.2169],[-54.6239,-26.2006],[-54.6565,-26.1793],[-54.6697,-26.1642],[-54.6733,-26.1527],[-54.6741,-26.1429],[-54.6518,-26.1199],[-54.643,-26.0934],[-54.6469,-26.0749],[-54.6789,-26.0108],[-54.677,-25.99],[-54.6689,-25.9816],[-54.6589,-25.9793],[-54.8131,-25.8384],[-54.8379,-25.8718],[-54.8406,-25.9781],[-54.8471,-25.9758],[-54.8451,-25.991],[-54.8544,-25.9975],[-54.8613,-25.9959],[-54.8625,-26.0119],[-54.8742,-26.0018],[-54.8762,-25.9772],[-54.8844,-25.9858],[-54.8966,-25.9829],[-54.9042,-25.9734],[-54.9096,-25.98],[-54.8992,-25.9881],[-54.9061,-25.9932],[-54.9146,-25.9805],[-54.9236,-25.9822],[-54.9249,-25.9725],[-54.9353,-25.9733],[-54.9187,-25.9888],[-54.9365,-25.9806],[-54.9211,-26.0317],[-54.9345,-26.0434],[-54.9317,-26.0485],[-54.9352,-26.0552],[-54.9618,-26.0687],[-54.959,-26.0792],[-54.9798,-26.0994]]]]}},{"type":"Feature","properties":{"n":"Curuguaty","l":8,"c":[-24.2719,-55.8008]},"geometry":{"type":"MultiPolygon","coordinates":[[[[-56.1728,-24.2311],[-56.1718,-24.2441],[-56.1635,-24.2535],[-56.1634,-24.2686],[-56.1534,-24.2824],[-56.1566,-24.2849],[-56.1478,-24.2842],[-56.1264,-24.3014],[-56.1292,-24.3073],[-56.1229,-24.3161],[-56.1267,-24.3165],[-56.1267,-24.333],[-56.131,-24.3373],[-56.1248,-24.3428],[-56.1278,-24.346],[-56.1162,-24.3672],[-56.1227,-24.3855],[-56.1097,-24.3986],[-56.0941,-24.3995],[-56.0942,-24.4027],[-56.0881,-24.3999],[-56.0805,-24.405],[-56.0764,-24.3991],[-56.0397,-24.4033],[-56.041,-24.3996],[-56.0246,-24.3947],[-56.0116,-24.4015],[-56.0008,-24.3942],[-55.9954,-24.3805],[-55.9533,-24.3661],[-55.9456,-24.3687],[-55.9439,-24.3742],[-55.9244,-24.3699],[-55.896,-24.391],[-55.8865,-24.3874],[-55.8796,-24.3952],[-55.871,-24.3968],[-55.8622,-24.4162],[-55.8641,-24.4357],[-55.8535,-24.4484],[-55.8301,-24.462],[-55.8275,-24.4698],[-55.7975,-24.4799],[-55.7708,-24.5124],[-55.7728,-24.5305],[-55.7572,-24.5366],[-55.7569,-24.5616],[-55.7492,-24.5714],[-55.7596,-24.577],[-55.7676,-24.5914],[-55.7648,-24.6182],[-55.7525,-24.6364],[-55.7623,-24.6556],[-55.745,-24.6799],[-55.7434,-24.6926],[-55.7271,-24.7214],[-55.7127,-24.7079],[-55.7114,-24.6946],[-55.7027,-24.6889],[-55.7002,-24.6716],[-55.6873,-24.6796],[-55.6708,-24.6721],[-55.6623,-24.6749],[-55.6628,-24.6615],[-55.6685,-24.6532],[-55.6385,-24.6448],[-55.6148,-24.6472],[-55.6012,-24.6365],[-55.6096,-24.6247],[-55.5947,-24.6192],[-55.5978,-24.6024],[-55.5779,-24.6012],[-55.5642,-24.5815],[-55.5516,-24.5509],[-55.5525,-24.5186],[-55.5439,-24.5135],[-55.5135,-24.5153],[-55.4937,-24.5338],[-55.4911,-24.568],[-55.484,-24.5716],[-55.4785,-24.5556],[-55.4605,-24.5414],[-55.4378,-24.5513],[-55.4019,-24.535],[-55.4,-24.5489],[-55.3698,-24.54],[-55.3452,-24.509],[-55.3427,-24.4936],[-55.332,-24.4968],[-55.3294,-24.506],[-55.3172,-24.5132],[-55.3103,-24.5119],[-55.3201,-24.4959],[-55.323,-24.4768],[-55.3332,-24.4621],[-55.3218,-24.4316],[-55.326,-24.4106],[-55.3388,-24.3938],[-55.3734,-24.3724],[-55.3885,-24.3712],[-55.4018,-24.3632],[-55.4158,-24.3451],[-55.4216,-24.3461],[-55.4253,-24.3568],[-55.4296,-24.3574],[-55.459,-24.3456],[-55.4664,-24.3513],[-55.4771,-24.3436],[-55.4702,-24.334],[-55.4753,-24.3308],[-55.4766,-24.3169],[-55.4928,-24.3232],[-55.4959,-24.3176],[-55.5093,-24.3141],[-55.5098,-24.3221],[-55.5223,-24.3174],[-55.5287,-24.3286],[-55.5361,-24.3284],[-55.5382,-24.3233],[-55.5505,-24.3261],[-55.5515,-24.3352],[-55.559,-24.3292],[-55.5666,-24.3297],[-55.5659,-24.3207],[-55.5752,-24.3163],[-55.5723,-24.3142],[-55.5797,-24.3105],[-55.5779,-24.3077],[-55.5868,-24.3083],[-55.5872,-24.2991],[-55.5963,-24.2981],[-55.5986,-24.2919],[-55.6052,-24.295],[-55.6063,-24.2709],[-55.6103,-24.265],[-55.6239,-24.2651],[-55.6303,-24.2426],[-55.6464,-24.2492],[-55.6446,-24.2439],[-55.6522,-24.2414],[-55.652,-24.2348],[-55.6647,-24.2436],[-55.6785,-24.2384],[-55.6827,-24.2315],[-55.6773,-24.2223],[-55.6885,-24.2041],[-55.6721,-24.1903],[-55.696,-24.178],[-55.6967,-24.1704],[-55.6908,-24.167],[-55.7049,-24.166],[-55.7065,-24.1547],[-55.722,-24.153],[-55.7173,-24.1401],[-55.7235,-24.1173],[-55.7437,-24.113],[-55.74,-24.1089],[-55.7444,-24.1037],[-55.7429,-24.0971],[-55.7478,-24.1018],[-55.7523,-24.0983],[-55.752,-24.1059],[-55.7577,-24.1054],[-55.774,-24.095],[-55.7752,-24.0895],[-55.782,-24.0886],[-55.7864,-24.0949],[-55.7948,-24.0923],[-55.7973,-24.089],[-55.7934,-24.0875],[-55.7991,-24.0843],[-55.8222,-24.0849],[-55.8309,-24.0776],[-55.827,-24.0744],[-55.836,-24.0757],[-55.8442,-24.0665],[-55.8541,-24.0667],[-55.854,-24.063],[-55.8686,-24.0692],[-55.8723,-24.0599],[-55.8829,-24.0602],[-55.8894,-24.0489],[-55.904,-24.0526],[-55.9012,-24.056],[-55.9076,-24.0591],[-55.9069,-24.0555],[-55.913,-24.0555],[-55.9178,-24.0621],[-55.9349,-24.0598],[-55.9441,-24.0525],[-55.9492,-24.0543],[-55.9522,-24.0481],[-55.9547,-24.0519],[-55.9617,-24.0484],[-55.9629,-24.035],[-55.9724,-24.0327],[-55.9695,-24.0302],[-55.9951,-24.0313],[-56.0091,-24.0251],[-56.0072,-24.0199],[-56.0174,-24.0253],[-56.0179,-24.034],[-56.0365,-24.0375],[-56.0365,-24.044],[-56.0454,-24.0439],[-56.0605,-24.0559],[-56.0707,-24.0553],[-56.0674,-24.0573],[-56.0726,-24.0637],[-56.0773,-24.0618],[-56.0761,-24.0654],[-56.0809,-24.0667],[-56.0799,-24.0761],[-56.0866,-24.0746],[-56.0851,-24.0816],[-56.0893,-24.0788],[-56.0903,-24.0836],[-56.0973,-24.0831],[-56.0956,-24.088],[-56.1047,-24.0904],[-56.1063,-24.0939],[-56.1003,-24.0961],[-56.1025,-24.1009],[-56.1075,-24.1001],[-56.1058,-24.1069],[-56.1111,-24.1051],[-56.1135,-24.111],[-56.1204,-24.1122],[-56.1291,-24.1088],[-56.1454,-24.116],[-56.1422,-24.1175],[-56.1505,-24.1214],[-56.1501,-24.1272],[-56.1606,-24.1382],[-56.1605,-24.1531],[-56.1566,-24.1548],[-56.1618,-24.1627],[-56.1592,-24.1706],[-56.1527,-24.1719],[-56.1526,-24.1961],[-56.1486,-24.2002],[-56.1561,-24.2062],[-56.1542,-24.2116],[-56.1622,-24.2261],[-56.1728,-24.2311]]]]}},{"type":"Feature","properties":{"n":"Itanará","l":8,"c":[-23.7402,-55.7424]},"geometry":{"type":"MultiPolygon","coordinates":[[[[-56.0272,-23.8223],[-56.0257,-23.8286],[-55.7167,-23.9039],[-55.7008,-23.8983],[-55.6882,-23.8683],[-55.6784,-23.8609],[-55.6551,-23.8584],[-55.6487,-23.8508],[-55.6379,-23.8525],[-55.6108,-23.8269],[-55.5662,-23.8052],[-55.5535,-23.8062],[-55.5524,-23.8012],[-55.5392,-23.7957],[-55.5282,-23.8024],[-55.5043,-23.7983],[-55.4526,-23.8183],[-55.43,-23.7902],[-55.4338,-23.7709],[-55.4471,-23.7602],[-55.4431,-23.7531],[-55.4487,-23.7423],[-55.4367,-23.7166],[-55.4411,-23.7101],[-55.4548,-23.717],[-55.464,-23.7119],[-55.4666,-23.7035],[-55.4623,-23.6839],[-55.4764,-23.6752],[-55.475,-23.6503],[-55.4841,-23.6403],[-55.4895,-23.6428],[-55.5107,-23.6323],[-55.5114,-23.6234],[-55.5321,-23.6304],[-55.5399,-23.625],[-55.536,-23.6171],[-55.5384,-23.5921],[-55.529,-23.5811],[-55.531,-23.5712],[-55.5269,-23.5673],[-55.5361,-23.5549],[-55.5434,-23.5236],[-55.5453,-23.5416],[-55.5776,-23.5908],[-55.5865,-23.6374],[-55.5997,-23.6527],[-55.6303,-23.657],[-55.6428,-23.6695],[-55.6528,-23.6694],[-55.6613,-23.677],[-55.6894,-23.6661],[-55.695,-23.6679],[-55.7011,-23.6617],[-55.717,-23.6632],[-55.7293,-23.6796],[-55.7613,-23.6985],[-55.7591,-23.7053],[-55.77,-23.7363],[-55.7957,-23.748],[-55.8062,-23.7592],[-55.8197,-23.7574],[-55.8263,-23.766],[-55.8397,-23.7633],[-55.8484,-23.7793],[-55.8579,-23.785],[-55.8597,-23.7996],[-55.8682,-23.8003],[-55.8757,-23.8078],[-55.8845,-23.8059],[-55.896,-23.8204],[-55.917,-23.8169],[-55.9313,-23.8309],[-55.9418,-23.8262],[-55.9526,-23.8124],[-55.9872,-23.8273],[-56.0106,-23.8247],[-56.0175,-23.8298],[-56.0272,-23.8223]]]]}},{"type":"Feature","properties":{"n":"Katueté","l":8,"c":[-24.2559,-54.8117]},"geometry":{"type":"MultiPolygon","coordinates":[[[[-54.962,-24.432],[-54.9586,-24.4473],[-54.7128,-24.4664],[-54.7034,-24.4102],[-54.6927,-24.3828],[-54.6627,-24.3677],[-54.6775,-24.2742],[-54.6875,-24.2702],[-54.6831,-24.2592],[-54.6879,-24.2454],[-54.713,-24.2137],[-54.7172,-24.191],[-54.7283,-24.1885],[-54.7413,-24.1994],[-54.7555,-24.1968],[-54.7726,-24.2059],[-54.7672,-24.1881],[-54.7637,-24.1913],[-54.7496,-24.1756],[-54.7525,-24.173],[-54.7488,-24.1736],[-54.7455,-24.1642],[-54.7504,-24.1622],[-54.7487,-24.1574],[-54.7639,-24.1622],[-54.7802,-24.1514],[-54.7878,-24.1602],[-54.7975,-24.159],[-54.7987,-24.1679],[-54.7929,-24.1687],[-54.7851,-24.1808],[-54.7833,-24.1892],[-54.7889,-24.1932],[-54.8049,-24.1901],[-54.8057,-24.1831],[-54.8216,-24.1785],[-54.8225,-24.3183],[-54.8316,-24.3229],[-54.831,-24.317],[-54.8359,-24.3157],[-54.8341,-24.3049],[-54.8464,-24.303],[-54.8698,-24.3282],[-54.8796,-24.348],[-54.8982,-24.3556],[-54.9024,-24.3459],[-54.9123,-24.3416],[-54.9335,-24.363],[-54.9497,-24.3688],[-54.9543,-24.3751],[-54.9571,-24.4029],[-54.9539,-24.4196],[-54.962,-24.432]]]]}},{"type":"Feature","properties":{"n":"La Paloma","l":8,"c":[-24.1572,-54.5864]},"geometry":{"type":"MultiPolygon","coordinates":[[[[-54.7066,-24.029],[-54.6839,-24.0895],[-54.6156,-24.1983],[-54.589,-24.2681],[-54.5773,-24.2665],[-54.5802,-24.2764],[-54.594,-24.291],[-54.5949,-24.3133],[-54.6036,-24.3368],[-54.6026,-24.3681],[-54.5792,-24.384],[-54.5713,-24.3781],[-54.5547,-24.3911],[-54.541,-24.3933],[-54.539,-24.389],[-54.5001,-24.4011],[-54.4865,-24.3903],[-54.4766,-24.3936],[-54.457,-24.3842],[-54.4489,-24.3873],[-54.4898,-24.3543],[-54.4988,-24.3341],[-54.4761,-24.3193],[-54.4583,-24.3155],[-54.4372,-24.3016],[-54.4322,-24.305],[-54.4233,-24.2983],[-54.4336,-24.2895],[-54.4211,-24.277],[-54.4216,-24.2454],[-54.4128,-24.2337],[-54.4408,-24.2017],[-54.4802,-24.1829],[-54.4769,-24.1667],[-54.48,-24.1628],[-54.5035,-24.1405],[-54.5261,-24.1373],[-54.5412,-24.1187],[-54.5378,-24.1079],[-54.5429,-24.0931],[-54.6081,-24.0426],[-54.6111,-24.0284],[-54.6061,-24.0193],[-54.6124,-24.0077],[-54.6047,-23.9718],[-54.6084,-23.9677],[-54.6244,-23.9689],[-54.6332,-23.9806],[-54.6433,-23.9649],[-54.6519,-23.9624],[-54.6648,-23.9644],[-54.6824,-23.9789],[-54.6909,-23.9745],[-54.7021,-23.9913],[-54.7066,-24.029]]]]}},{"type":"Feature","properties":{"n":"Nueva Esperanza","l":8,"c":[-24.612,-54.7187]},"geometry":{"type":"MultiPolygon","coordinates":[[[[-55.0278,-24.5065],[-55.0179,-24.5281],[-55.0157,-24.5498],[-54.9891,-24.5506],[-54.9741,-24.5595],[-54.9708,-24.5685],[-54.9437,-24.5643],[-54.939,-24.5705],[-54.9292,-24.568],[-54.9141,-24.5738],[-54.912,-24.59],[-54.9072,-24.5989],[-54.9033,-24.5985],[-54.9041,-24.6125],[-54.8982,-24.6185],[-54.8888,-24.6167],[-54.8904,-24.6224],[-54.897,-24.6212],[-54.8989,-24.6293],[-54.8667,-24.6351],[-54.8589,-24.6419],[-54.8598,-24.6492],[-54.8467,-24.6487],[-54.842,-24.6524],[-54.8439,-24.6564],[-54.8336,-24.6562],[-54.8408,-24.6632],[-54.8357,-24.6657],[-54.8406,-24.6733],[-54.8349,-24.6687],[-54.8311,-24.6747],[-54.8291,-24.6638],[-54.8233,-24.6624],[-54.8217,-24.6687],[-54.8125,-24.6679],[-54.8069,-24.6763],[-54.8047,-24.6718],[-54.7976,-24.6754],[-54.7963,-24.6672],[-54.785,-24.6651],[-54.7801,-24.6527],[-54.7726,-24.6484],[-54.7682,-24.6493],[-54.7674,-24.6559],[-54.7504,-24.6609],[-54.751,-24.6565],[-54.7446,-24.6582],[-54.7459,-24.6539],[-54.7285,-24.6521],[-54.7232,-24.6584],[-54.7279,-24.6657],[-54.7208,-24.6685],[-54.7203,-24.677],[-54.712,-24.677],[-54.6998,-24.6904],[-54.6873,-24.6883],[-54.6831,-24.6719],[-54.6733,-24.6738],[-54.671,-24.67],[-54.6657,-24.6747],[-54.6637,-24.6686],[-54.655,-24.6674],[-54.6533,-24.678],[-54.6455,-24.6785],[-54.6481,-24.6836],[-54.6425,-24.6858],[-54.6548,-24.6902],[-54.6556,-24.7142],[-54.6433,-24.7028],[-54.6313,-24.7003],[-54.6362,-24.7088],[-54.622,-24.7083],[-54.6104,-24.7042],[-54.6091,-24.6958],[-54.5579,-24.6894],[-54.5579,-24.7002],[-54.5391,-24.6912],[-54.5254,-24.7028],[-54.505,-24.6989],[-54.4989,-24.7183],[-54.478,-24.7057],[-54.4729,-24.7115],[-54.4751,-24.7264],[-54.4478,-24.7205],[-54.4428,-24.6976],[-54.4248,-24.7001],[-54.4241,-24.6859],[-54.4165,-24.681],[-54.4002,-24.6904],[-54.3876,-24.6862],[-54.342,-24.7066],[-54.3311,-24.6905],[-54.3182,-24.5945],[-54.3201,-24.568],[-54.3334,-24.5263],[-54.3523,-24.5263],[-54.3844,-24.515],[-54.4061,-24.5263],[-54.4278,-24.5199],[-54.4413,-24.5203],[-54.4457,-24.526],[-54.4645,-24.5164],[-54.4714,-24.5198],[-54.4707,-24.5265],[-54.4887,-24.5306],[-54.4943,-24.5214],[-54.5145,-24.5165],[-54.5191,-24.5034],[-54.5242,-24.506],[-54.5297,-24.5005],[-54.5386,-24.5108],[-54.5352,-24.5149],[-54.5443,-24.5332],[-54.5498,-24.5337],[-54.5522,-24.5271],[-54.5537,-24.5363],[-54.5598,-24.532],[-54.5644,-24.5373],[-54.5641,-24.5275],[-54.6038,-24.5233],[-54.6128,-24.512],[-54.6234,-24.5143],[-54.6405,-24.5082],[-54.6489,-24.4982],[-54.6642,-24.4938],[-54.6662,-24.4978],[-54.6963,-24.4973],[-54.7132,-24.4733],[-54.7128,-24.4664],[-54.9586,-24.4473],[-54.9589,-24.4542],[-55.0148,-24.4855],[-55.0278,-24.5065]]]]}},{"type":"Feature","properties":{"n":"Villa Ygatimí","l":8,"c":[-24.2055,-55.5222]},"geometry":{"type":"MultiPolygon","coordinates":[[[[-55.8442,-24.0674],[-55.836,-24.0757],[-55.827,-24.0744],[-55.8309,-24.0776],[-55.8222,-24.0849],[-55.7991,-24.0843],[-55.7934,-24.0875],[-55.7973,-24.089],[-55.7948,-24.0923],[-55.7864,-24.0949],[-55.782,-24.0886],[-55.7752,-24.0895],[-55.774,-24.095],[-55.758,-24.1053],[-55.752,-24.1059],[-55.7523,-24.0983],[-55.748,-24.1018],[-55.7427,-24.0973],[-55.7444,-24.1037],[-55.74,-24.1089],[-55.7437,-24.113],[-55.7235,-24.1173],[-55.7173,-24.1401],[-55.722,-24.153],[-55.7065,-24.1547],[-55.7049,-24.166],[-55.6908,-24.167],[-55.6967,-24.1704],[-55.696,-24.178],[-55.6721,-24.1903],[-55.6885,-24.2041],[-55.6773,-24.2223],[-55.6827,-24.2315],[-55.6785,-24.2384],[-55.6647,-24.2436],[-55.652,-24.2348],[-55.6522,-24.2414],[-55.6446,-24.2439],[-55.6464,-24.2492],[-55.6303,-24.2426],[-55.6239,-24.2651],[-55.6103,-24.265],[-55.6063,-24.2709],[-55.6052,-24.295],[-55.5986,-24.2919],[-55.5963,-24.2981],[-55.5872,-24.2991],[-55.5868,-24.3083],[-55.5776,-24.308],[-55.5797,-24.3105],[-55.5723,-24.3142],[-55.5752,-24.3163],[-55.5659,-24.3207],[-55.5668,-24.3296],[-55.559,-24.3292],[-55.5593,-24.3325],[-55.55,-24.3349],[-55.5513,-24.3265],[-55.5437,-24.3276],[-55.5401,-24.3231],[-55.5361,-24.3284],[-55.5277,-24.3283],[-55.5223,-24.3174],[-55.5099,-24.3222],[-55.5093,-24.3141],[-55.4959,-24.3176],[-55.4928,-24.3232],[-55.4767,-24.3168],[-55.4753,-24.3309],[-55.4702,-24.334],[-55.4771,-24.3436],[-55.4664,-24.3513],[-55.459,-24.3456],[-55.4296,-24.3574],[-55.4253,-24.3568],[-55.4216,-24.3461],[-55.4159,-24.3451],[-55.4018,-24.3632],[-55.3768,-24.3741],[-55.3605,-24.3593],[-55.3459,-24.3532],[-55.3416,-24.3598],[-55.3166,-24.3534],[-55.308,-24.3656],[-55.3025,-24.3644],[-55.3027,-24.359],[-55.2937,-24.3584],[-55.2846,-24.3657],[-55.2589,-24.3657],[-55.2521,-24.3591],[-55.2454,-24.3597],[-55.2467,-24.3548],[-55.2369,-24.3497],[-55.23,-24.3531],[-55.2315,-24.3467],[-55.2235,-24.3425],[-55.225,-24.335],[-55.2127,-24.3352],[-55.2145,-24.3292],[-55.2086,-24.3252],[-55.204,-24.3299],[-55.1948,-24.3271],[-55.1844,-24.3126],[-55.1928,-24.2681],[-55.2292,-24.2399],[-55.2577,-24.1982],[-55.2924,-24.1851],[-55.3096,-24.1721],[-55.334,-24.1711],[-55.3191,-24.1578],[-55.315,-24.1415],[-55.3185,-24.1315],[-55.3152,-24.1101],[-55.3225,-24.1008],[-55.3246,-24.0877],[-55.3055,-24.0798],[-55.2994,-24.0856],[-55.2215,-24.0601],[-55.2233,-24.0547],[-55.2312,-24.0528],[-55.233,-24.0314],[-55.2385,-24.0223],[-55.2291,-24.0204],[-55.2287,-24.0137],[-55.2459,-23.9983],[-55.2778,-23.9845],[-55.3044,-23.965],[-55.3179,-23.963],[-55.3362,-23.993],[-55.3412,-23.9946],[-55.3753,-23.9799],[-55.3787,-23.9705],[-55.3876,-23.9676],[-55.3964,-23.9763],[-55.4028,-23.9742],[-55.4052,-23.9649],[-55.4274,-23.9717],[-55.4737,-23.9162],[-55.5023,-23.8954],[-55.5069,-23.8838],[-55.5274,-23.8739],[-55.5383,-23.8742],[-55.5508,-23.8846],[-55.578,-23.8839],[-55.6005,-23.9188],[-55.6165,-23.9156],[-55.6373,-23.9318],[-55.6469,-23.9303],[-55.6639,-23.9364],[-55.6799,-23.9515],[-55.6742,-23.962],[-55.6807,-23.9795],[-55.7033,-23.994],[-55.7093,-24.0031],[-55.7071,-24.0094],[-55.7209,-24.0233],[-55.7407,-24.0298],[-55.7577,-24.0252],[-55.7616,-24.0327],[-55.7699,-24.035],[-55.7789,-24.0247],[-55.7938,-24.0246],[-55.8004,-24.0369],[-55.8202,-24.0413],[-55.8442,-24.0674]]]]}},{"type":"Feature","properties":{"n":"Yasy Cañy","l":8,"c":[-24.5187,-55.9143]},"geometry":{"type":"MultiPolygon","coordinates":[[[[-56.0593,-24.4045],[-56.0445,-24.4318],[-56.0243,-24.4432],[-56.0207,-24.4673],[-56.0122,-24.4757],[-56.0116,-24.4861],[-55.9948,-24.5015],[-55.9907,-24.5292],[-55.9431,-24.5654],[-55.9399,-24.5717],[-55.9429,-24.6219],[-55.9344,-24.6243],[-55.9258,-24.6428],[-55.9166,-24.6491],[-55.9137,-24.6609],[-55.8801,-24.6725],[-55.867,-24.685],[-55.8526,-24.7228],[-55.8444,-24.7315],[-55.8396,-24.7619],[-55.8253,-24.7644],[-55.821,-24.7749],[-55.7905,-24.7771],[-55.7825,-24.7821],[-55.7742,-24.7791],[-55.7596,-24.7829],[-55.749,-24.7765],[-55.7287,-24.7829],[-55.702,-24.784],[-55.708,-24.7692],[-55.7361,-24.7432],[-55.7271,-24.7214],[-55.7292,-24.7123],[-55.7623,-24.6558],[-55.7525,-24.6364],[-55.7648,-24.6182],[-55.7676,-24.5914],[-55.7596,-24.577],[-55.7492,-24.5714],[-55.7569,-24.5616],[-55.7572,-24.5366],[-55.7728,-24.5305],[-55.7708,-24.5124],[-55.7975,-24.4799],[-55.8275,-24.4698],[-55.8301,-24.462],[-55.8535,-24.4484],[-55.8641,-24.4357],[-55.8622,-24.4162],[-55.871,-24.3968],[-55.8796,-24.3952],[-55.8865,-24.3874],[-55.896,-24.391],[-55.9244,-24.3699],[-55.9439,-24.3742],[-55.9456,-24.3687],[-55.9533,-24.3661],[-55.9954,-24.3805],[-56.0008,-24.3942],[-56.0116,-24.4015],[-56.0246,-24.3947],[-56.041,-24.3996],[-56.0397,-24.4033],[-56.0483,-24.4002],[-56.0593,-24.4045]]]]}},{"type":"Feature","properties":{"n":"Ybyrarobaná","l":8,"c":[-24.3531,-55.2022]},"geometry":{"type":"MultiPolygon","coordinates":[[[[-55.3735,-24.3718],[-55.3388,-24.3938],[-55.326,-24.4106],[-55.3215,-24.436],[-55.3333,-24.4618],[-55.323,-24.4768],[-55.3201,-24.4959],[-55.3103,-24.5119],[-55.2969,-24.5061],[-55.2897,-24.4946],[-55.2801,-24.4951],[-55.2577,-24.4723],[-55.2369,-24.4782],[-55.1973,-24.4676],[-55.1702,-24.4665],[-55.1525,-24.4773],[-55.1466,-24.4855],[-55.1465,-24.4972],[-55.1411,-24.4983],[-55.1339,-24.4855],[-55.1123,-24.5079],[-55.1152,-24.5287],[-55.1017,-24.5426],[-55.0782,-24.5497],[-55.0656,-24.5458],[-55.0549,-24.5511],[-55.0403,-24.5472],[-55.0166,-24.5491],[-55.0179,-24.5281],[-55.0278,-24.5063],[-55.0148,-24.4855],[-54.9589,-24.4542],[-54.962,-24.4319],[-54.9539,-24.4196],[-54.9572,-24.4051],[-54.9541,-24.374],[-54.9335,-24.363],[-54.9216,-24.3477],[-54.941,-24.3277],[-54.9855,-24.2992],[-54.9809,-24.2973],[-54.9827,-24.2869],[-54.997,-24.2698],[-54.9946,-24.2473],[-55.001,-24.1781],[-55.0139,-24.1769],[-55.017,-24.1711],[-55.0325,-24.1654],[-55.0387,-24.1446],[-55.0515,-24.1373],[-55.0674,-24.1353],[-55.07,-24.139],[-55.0762,-24.1348],[-55.0847,-24.14],[-55.0931,-24.1357],[-55.1203,-24.1362],[-55.1271,-24.1204],[-55.1446,-24.1121],[-55.1598,-24.1369],[-55.1704,-24.1312],[-55.1786,-24.1475],[-55.1764,-24.1644],[-55.1651,-24.1768],[-55.1613,-24.1901],[-55.1759,-24.22],[-55.1722,-24.2298],[-55.2087,-24.2419],[-55.2096,-24.2522],[-55.1928,-24.2681],[-55.1859,-24.2967],[-55.1844,-24.3126],[-55.1939,-24.3262],[-55.2001,-24.3256],[-55.2017,-24.3299],[-55.2123,-24.3264],[-55.2127,-24.3352],[-55.2251,-24.3351],[-55.2235,-24.3425],[-55.2315,-24.3467],[-55.23,-24.3531],[-55.2369,-24.3497],[-55.2467,-24.3548],[-55.2454,-24.3597],[-55.2521,-24.3591],[-55.2589,-24.3657],[-55.2846,-24.3657],[-55.2937,-24.3584],[-55.3027,-24.359],[-55.3025,-24.3644],[-55.308,-24.3656],[-55.3166,-24.3534],[-55.3416,-24.3598],[-55.3459,-24.3532],[-55.3605,-24.3593],[-55.3735,-24.3718]]]]}},{"type":"Feature","properties":{"n":"Ypejhú","l":8,"c":[-23.9704,-55.7356]},"geometry":{"type":"MultiPolygon","coordinates":[[[[-56.0257,-23.8286],[-55.9772,-24.0285],[-55.9629,-24.035],[-55.9617,-24.0484],[-55.9547,-24.0519],[-55.9522,-24.0481],[-55.9492,-24.0543],[-55.9441,-24.0525],[-55.9349,-24.0598],[-55.9178,-24.0621],[-55.913,-24.0555],[-55.9069,-24.0555],[-55.9076,-24.0591],[-55.9012,-24.056],[-55.904,-24.0526],[-55.8896,-24.0489],[-55.8829,-24.0602],[-55.8723,-24.0599],[-55.8686,-24.0692],[-55.854,-24.063],[-55.8538,-24.0668],[-55.842,-24.0684],[-55.8241,-24.0445],[-55.8005,-24.0369],[-55.7938,-24.0246],[-55.7789,-24.0247],[-55.7699,-24.035],[-55.7616,-24.0327],[-55.7577,-24.0252],[-55.7407,-24.0298],[-55.7251,-24.0258],[-55.7072,-24.0095],[-55.7093,-24.0031],[-55.7028,-23.9935],[-55.6807,-23.9795],[-55.6742,-23.962],[-55.6801,-23.953],[-55.6764,-23.9461],[-55.6638,-23.9364],[-55.6469,-23.9303],[-55.6373,-23.9318],[-55.6167,-23.9157],[-55.6007,-23.919],[-55.5782,-23.884],[-55.5508,-23.8846],[-55.5356,-23.8731],[-55.5069,-23.8838],[-55.5023,-23.8954],[-55.4737,-23.9162],[-55.4274,-23.9717],[-55.414,-23.9648],[-55.4197,-23.9576],[-55.4166,-23.9488],[-55.4197,-23.9437],[-55.4326,-23.9406],[-55.4279,-23.9264],[-55.4463,-23.9168],[-55.4396,-23.9048],[-55.4357,-23.8729],[-55.4416,-23.8293],[-55.4538,-23.8191],[-55.5043,-23.7983],[-55.5282,-23.8024],[-55.5392,-23.7957],[-55.5524,-23.8012],[-55.5538,-23.8064],[-55.5662,-23.8052],[-55.5815,-23.8156],[-55.5981,-23.8199],[-55.6249,-23.8374],[-55.6379,-23.8525],[-55.6487,-23.8508],[-55.6551,-23.8584],[-55.6784,-23.8609],[-55.6882,-23.8683],[-55.7008,-23.8983],[-55.7171,-23.9039],[-56.0257,-23.8286]]]]}},{"type":"Feature","properties":{"n":"Bella Vista","l":8,"c":[-22.4725,-56.4803]},"geometry":{"type":"MultiPolygon","coordinates":[[[[-56.8261,-22.2959],[-56.6094,-22.3653],[-56.6449,-22.3845],[-56.6487,-22.4221],[-56.6989,-22.4404],[-56.7168,-22.4587],[-56.7155,-22.4779],[-56.7226,-22.5094],[-56.735,-22.5247],[-56.7326,-22.5326],[-56.7387,-22.5437],[-56.7358,-22.5567],[-56.7286,-22.5611],[-56.7269,-22.5931],[-56.7151,-22.6221],[-56.7207,-22.6245],[-56.7181,-22.6384],[-56.7267,-22.6515],[-56.7162,-22.6567],[-56.7128,-22.665],[-56.703,-22.6706],[-56.7042,-22.677],[-56.6942,-22.6822],[-56.6949,-22.6957],[-56.7019,-22.6968],[-56.696,-22.7091],[-56.6902,-22.7131],[-56.6737,-22.7102],[-56.6761,-22.7228],[-56.6657,-22.7228],[-56.6694,-22.7257],[-56.6637,-22.7468],[-56.6687,-22.7509],[-56.6651,-22.7573],[-56.6686,-22.7568],[-56.6698,-22.7666],[-56.6624,-22.772],[-56.6615,-22.7936],[-56.6491,-22.802],[-56.6529,-22.8152],[-56.6645,-22.816],[-56.6689,-22.82],[-56.6664,-22.8283],[-56.6808,-22.8367],[-56.6777,-22.8438],[-56.713,-22.8434],[-56.7143,-22.8501],[-56.7048,-22.8686],[-56.7124,-22.8782],[-56.7131,-22.897],[-56.7086,-22.9059],[-56.7085,-22.9008],[-56.6947,-22.9026],[-56.6885,-22.8965],[-56.6807,-22.9004],[-56.6808,-22.8959],[-56.6714,-22.8971],[-56.6662,-22.8894],[-56.6701,-22.8855],[-56.6643,-22.881],[-56.64,-22.8863],[-56.6306,-22.8952],[-56.6232,-22.894],[-56.6218,-22.899],[-56.6169,-22.8961],[-56.6156,-22.9088],[-56.5968,-22.9134],[-56.583,-22.9087],[-56.5881,-22.8985],[-56.5782,-22.8974],[-56.577,-22.9029],[-56.5589,-22.8991],[-56.5546,-22.8949],[-56.5615,-22.8956],[-56.5584,-22.8881],[-56.5462,-22.8841],[-56.5472,-22.8789],[-56.5386,-22.8792],[-56.5439,-22.8614],[-56.522,-22.8413],[-56.5222,-22.8343],[-56.5267,-22.8346],[-56.5198,-22.8243],[-56.5254,-22.8203],[-56.5261,-22.8099],[-56.5088,-22.8024],[-56.5099,-22.7873],[-56.483,-22.772],[-56.4685,-22.7758],[-56.4597,-22.7709],[-56.4542,-22.7751],[-56.4541,-22.7671],[-56.4425,-22.7777],[-56.4424,-22.7724],[-56.4279,-22.7605],[-56.4088,-22.7557],[-56.4148,-22.7525],[-56.4125,-22.744],[-56.4046,-22.7407],[-56.4064,-22.7478],[-56.3978,-22.7489],[-56.3904,-22.7342],[-56.3926,-22.7219],[-56.3824,-22.7233],[-56.385,-22.7134],[-56.364,-22.7201],[-56.3591,-22.7067],[-56.343,-22.7081],[-56.3424,-22.6947],[-56.3283,-22.6878],[-56.3206,-22.6917],[-56.313,-22.6869],[-56.3054,-22.6945],[-56.3014,-22.688],[-56.2911,-22.6864],[-56.2815,-22.6678],[-56.2776,-22.6707],[-56.2654,-22.6655],[-56.2679,-22.6614],[-56.2632,-22.6497],[-56.2695,-22.6475],[-56.2621,-22.6444],[-56.2615,-22.6325],[-56.2532,-22.6276],[-56.2543,-22.6213],[-56.2482,-22.6226],[-56.24,-22.6161],[-56.2426,-22.6091],[-56.2362,-22.6026],[-56.2297,-22.578],[-56.2253,-22.5758],[-56.2135,-22.5821],[-56.2011,-22.5798],[-56.1987,-22.5614],[-56.1944,-22.5603],[-56.1975,-22.5452],[-56.1605,-22.5119],[-56.1383,-22.5141],[-56.1018,-22.4876],[-56.1002,-22.4823],[-56.0777,-22.4798],[-56.0704,-22.4682],[-56.0931,-22.4023],[-56.0863,-22.3508],[-56.0991,-22.3192],[-56.1415,-22.2846],[-56.1523,-22.2817],[-56.158,-22.2857],[-56.1609,-22.2821],[-56.1659,-22.2883],[-56.1745,-22.2856],[-56.1762,-22.279],[-56.1833,-22.2774],[-56.189,-22.282],[-56.1938,-22.2711],[-56.2,-22.278],[-56.2101,-22.2779],[-56.2149,-22.2693],[-56.2345,-22.2557],[-56.2324,-22.2475],[-56.2382,-22.2365],[-56.2625,-22.2395],[-56.2708,-22.2332],[-56.2773,-22.2368],[-56.2781,-22.2321],[-56.2852,-22.2315],[-56.2855,-22.2251],[-56.2905,-22.2258],[-56.2996,-22.2174],[-56.3121,-22.2136],[-56.3168,-22.2183],[-56.322,-22.2143],[-56.3264,-22.2031],[-56.331,-22.2039],[-56.3302,-22.1989],[-56.3369,-22.1989],[-56.3403,-22.1887],[-56.3464,-22.1879],[-56.3432,-22.1828],[-56.3498,-22.1734],[-56.3577,-22.1757],[-56.3649,-22.1695],[-56.3661,-22.1582],[-56.374,-22.1499],[-56.3678,-22.1369],[-56.3721,-22.1258],[-56.3844,-22.1106],[-56.3809,-22.1047],[-56.3929,-22.1008],[-56.3956,-22.0943],[-56.389,-22.0896],[-56.3928,-22.0879],[-56.394,-22.0743],[-56.3999,-22.0806],[-56.4049,-22.0773],[-56.4187,-22.0795],[-56.4218,-22.0856],[-56.4315,-22.0825],[-56.4311,-22.087],[-56.4385,-22.081],[-56.4477,-22.085],[-56.448,-22.0765],[-56.4543,-22.085],[-56.4579,-22.0792],[-56.4641,-22.0794],[-56.4622,-22.0847],[-56.4713,-22.0798],[-56.4765,-22.094],[-56.5071,-22.0956],[-56.5079,-22.1027],[-56.5189,-22.1082],[-56.5217,-22.1211],[-56.5256,-22.121],[-56.5234,-22.1282],[-56.5273,-22.1309],[-56.5196,-22.141],[-56.527,-22.1404],[-56.5291,-22.1484],[-56.5407,-22.1474],[-56.5382,-22.1577],[-56.5333,-22.1588],[-56.5574,-22.1693],[-56.5518,-22.1859],[-56.5577,-22.1885],[-56.5567,-22.1965],[-56.5704,-22.2073],[-56.5763,-22.2068],[-56.576,-22.202],[-56.5806,-22.2041],[-56.5814,-22.2103],[-56.5899,-22.2121],[-56.5938,-22.2185],[-56.6,-22.2114],[-56.5992,-22.2184],[-56.61,-22.2211],[-56.606,-22.232],[-56.6274,-22.2466],[-56.635,-22.2406],[-56.6423,-22.244],[-56.6371,-22.2634],[-56.6428,-22.265],[-56.6515,-22.2541],[-56.6642,-22.2539],[-56.6769,-22.2442],[-56.6793,-22.2464],[-56.6848,-22.2296],[-56.6829,-22.2215],[-56.7034,-22.2169],[-56.7043,-22.2228],[-56.6953,-22.2309],[-56.7056,-22.2364],[-56.7029,-22.2453],[-56.7079,-22.2431],[-56.7142,-22.2494],[-56.7204,-22.2568],[-56.7203,-22.2648],[-56.7342,-22.2568],[-56.7367,-22.2534],[-56.7311,-22.2467],[-56.747,-22.2357],[-56.7516,-22.2467],[-56.7578,-22.242],[-56.7669,-22.2442],[-56.763,-22.2518],[-56.7766,-22.2604],[-56.7884,-22.2536],[-56.783,-22.2477],[-56.7889,-22.249],[-56.7859,-22.2413],[-56.7934,-22.2424],[-56.8059,-22.2579],[-56.8036,-22.2665],[-56.8081,-22.2715],[-56.8015,-22.2816],[-56.8094,-22.287],[-56.82,-22.2868],[-56.8261,-22.2959]]]]}},{"type":"Feature","properties":{"n":"Capitán Bado","l":8,"c":[-23.5499,-55.8511]},"geometry":{"type":"MultiPolygon","coordinates":[[[[-56.0699,-23.344],[-56.0541,-23.3819],[-56.0293,-23.4022],[-56.0302,-23.3805],[-55.8992,-23.3922],[-55.902,-23.399],[-55.8946,-23.408],[-55.9169,-23.4756],[-55.9172,-23.4847],[-55.9037,-23.4996],[-55.9334,-23.5565],[-55.9294,-23.5624],[-55.9332,-23.5755],[-55.9254,-23.581],[-55.9318,-23.5897],[-55.9294,-23.6],[-55.9359,-23.6073],[-55.9319,-23.6246],[-55.9367,-23.635],[-55.9453,-23.6357],[-55.9522,-23.6427],[-55.95,-23.6528],[-55.9809,-23.666],[-55.9785,-23.6717],[-55.9849,-23.6758],[-55.9861,-23.6862],[-55.9764,-23.7003],[-55.9793,-23.7104],[-55.9762,-23.7183],[-55.9802,-23.7227],[-55.9743,-23.733],[-55.975,-23.7465],[-55.9815,-23.7525],[-55.9794,-23.7616],[-55.9848,-23.7653],[-55.988,-23.784],[-56.0102,-23.7906],[-56.0207,-23.8003],[-56.0279,-23.8211],[-56.0175,-23.8298],[-56.0106,-23.8247],[-55.9872,-23.8273],[-55.9527,-23.8124],[-55.9418,-23.8262],[-55.9313,-23.8309],[-55.917,-23.8169],[-55.896,-23.8204],[-55.8845,-23.8059],[-55.8757,-23.8078],[-55.8682,-23.8003],[-55.8597,-23.7996],[-55.8579,-23.785],[-55.8484,-23.7793],[-55.8397,-23.7633],[-55.8263,-23.766],[-55.8197,-23.7574],[-55.8062,-23.7592],[-55.7957,-23.748],[-55.77,-23.7363],[-55.7591,-23.7053],[-55.7613,-23.6985],[-55.7293,-23.6796],[-55.717,-23.6632],[-55.7011,-23.6617],[-55.695,-23.6679],[-55.6894,-23.6661],[-55.6613,-23.677],[-55.6528,-23.6694],[-55.6428,-23.6695],[-55.6303,-23.657],[-55.5996,-23.6526],[-55.5833,-23.6292],[-55.5718,-23.5786],[-55.5443,-23.5393],[-55.5496,-23.4958],[-55.5517,-23.4891],[-55.559,-23.4887],[-55.5621,-23.4762],[-55.545,-23.4773],[-55.5406,-23.455],[-55.5446,-23.4487],[-55.5155,-23.4097],[-55.5045,-23.3781],[-55.5065,-23.3703],[-55.5194,-23.3651],[-55.5207,-23.3523],[-55.5346,-23.3333],[-55.5558,-23.3165],[-55.5494,-23.3038],[-55.5531,-23.2796],[-55.5227,-23.2598],[-55.5374,-23.2511],[-55.5407,-23.2439],[-55.5366,-23.2357],[-55.546,-23.2205],[-55.5389,-23.2218],[-55.5313,-23.2144],[-55.5236,-23.1973],[-55.5431,-23.1806],[-55.542,-23.1561],[-55.5697,-23.1427],[-55.5959,-23.1506],[-55.5986,-23.1077],[-55.6156,-23.0819],[-55.611,-23.0768],[-55.6131,-23.043],[-55.6393,-23.0259],[-55.6368,-23.0182],[-55.6623,-23.002],[-55.6805,-23.0068],[-55.6996,-23.0186],[-55.7128,-23.0361],[-55.7528,-23.0465],[-55.7725,-23.0702],[-55.7804,-23.0694],[-55.7889,-23.0808],[-55.7938,-23.078],[-55.7996,-23.0923],[-55.8048,-23.0924],[-55.8101,-23.1014],[-55.8135,-23.0984],[-55.813,-23.1109],[-55.8202,-23.1082],[-55.8172,-23.1184],[-55.8179,-23.1233],[-55.8249,-23.1243],[-55.8195,-23.1313],[-55.826,-23.1318],[-55.8222,-23.1394],[-55.8266,-23.1422],[-55.8247,-23.1474],[-55.8453,-23.1608],[-55.8516,-23.1594],[-55.8546,-23.1669],[-55.8639,-23.1683],[-55.8601,-23.174],[-55.8685,-23.1779],[-55.8672,-23.1835],[-55.8774,-23.1881],[-55.8818,-23.1964],[-55.8792,-23.1993],[-55.892,-23.2079],[-55.8869,-23.2175],[-55.8969,-23.2179],[-55.9112,-23.2356],[-55.9152,-23.2328],[-55.9324,-23.249],[-55.9371,-23.243],[-55.9432,-23.2476],[-55.955,-23.2373],[-55.9556,-23.2455],[-55.9653,-23.241],[-55.9716,-23.2469],[-55.9702,-23.2525],[-55.9832,-23.2531],[-55.9903,-23.2613],[-55.9892,-23.2686],[-56.0023,-23.2744],[-56.0124,-23.2696],[-56.0272,-23.2779],[-56.0321,-23.2886],[-56.0395,-23.2877],[-56.0414,-23.2957],[-56.0536,-23.2992],[-56.0534,-23.3077],[-56.0605,-23.3094],[-56.0604,-23.3148],[-56.0666,-23.3131],[-56.0644,-23.3229],[-56.0699,-23.344]]]]}},{"type":"Feature","properties":{"n":"Pedro Juan Caballero","l":8,"c":[-22.8687,-56.0053]},"geometry":{"type":"MultiPolygon","coordinates":[[[[-56.3147,-23.3412],[-56.3106,-23.3468],[-56.2998,-23.3376],[-56.2936,-23.3439],[-56.2928,-23.3297],[-56.2816,-23.328],[-56.2756,-23.3324],[-56.2713,-23.3244],[-56.2602,-23.3275],[-56.2563,-23.3209],[-56.2491,-23.3224],[-56.2403,-23.3135],[-56.2308,-23.3294],[-56.2262,-23.319],[-56.2173,-23.3208],[-56.2216,-23.3178],[-56.2215,-23.3062],[-56.2078,-23.3047],[-56.2072,-23.3107],[-56.1973,-23.3076],[-56.1949,-23.301],[-56.1819,-23.3029],[-56.1794,-23.3085],[-56.1734,-23.302],[-56.1733,-23.31],[-56.164,-23.3093],[-56.1683,-23.3143],[-56.1626,-23.3174],[-56.1633,-23.323],[-56.158,-23.3144],[-56.152,-23.3165],[-56.1512,-23.3104],[-56.1422,-23.319],[-56.1348,-23.3129],[-56.1265,-23.3196],[-56.1258,-23.3275],[-56.1127,-23.3253],[-56.1133,-23.3328],[-56.1087,-23.3369],[-56.0939,-23.333],[-56.0939,-23.3246],[-56.0816,-23.3159],[-56.0724,-23.3122],[-56.0604,-23.3148],[-56.0605,-23.3094],[-56.0534,-23.3077],[-56.0536,-23.2992],[-56.0414,-23.2957],[-56.0395,-23.2877],[-56.0321,-23.2886],[-56.0225,-23.275],[-56.0119,-23.2696],[-56.0128,-23.2727],[-56.0023,-23.2744],[-55.9892,-23.2686],[-55.9903,-23.2613],[-55.9836,-23.2535],[-55.9702,-23.2525],[-55.9716,-23.2469],[-55.9653,-23.241],[-55.9556,-23.2455],[-55.9535,-23.237],[-55.9436,-23.2473],[-55.9371,-23.243],[-55.9324,-23.249],[-55.9152,-23.2328],[-55.9112,-23.2356],[-55.8969,-23.2179],[-55.8869,-23.2175],[-55.892,-23.2079],[-55.8792,-23.1993],[-55.8818,-23.1964],[-55.8774,-23.1881],[-55.8672,-23.1835],[-55.8685,-23.1779],[-55.8601,-23.174],[-55.8639,-23.1683],[-55.8546,-23.1669],[-55.8516,-23.1594],[-55.8453,-23.1608],[-55.8247,-23.1474],[-55.8266,-23.1422],[-55.8222,-23.1394],[-55.826,-23.1318],[-55.8195,-23.1313],[-55.8249,-23.1243],[-55.8179,-23.1233],[-55.8172,-23.1184],[-55.8202,-23.1082],[-55.813,-23.1109],[-55.8135,-23.0984],[-55.8101,-23.1014],[-55.8048,-23.0924],[-55.7996,-23.0923],[-55.7944,-23.0785],[-55.7889,-23.0808],[-55.7775,-23.0676],[-55.7725,-23.0702],[-55.7528,-23.0465],[-55.7128,-23.0361],[-55.6997,-23.0187],[-55.6761,-23.0061],[-55.6724,-22.9994],[-55.6729,-22.9871],[-55.6612,-22.964],[-55.6659,-22.9487],[-55.6724,-22.948],[-55.6792,-22.9327],[-55.6956,-22.9175],[-55.7526,-22.903],[-55.7696,-22.8894],[-55.7637,-22.8796],[-55.765,-22.8712],[-55.7522,-22.8521],[-55.7484,-22.8329],[-55.752,-22.8267],[-55.7759,-22.8076],[-55.7935,-22.8108],[-55.8152,-22.8001],[-55.8139,-22.7829],[-55.7968,-22.7755],[-55.8543,-22.7739],[-55.8508,-22.7682],[-55.8579,-22.7623],[-55.8473,-22.7408],[-55.8384,-22.74],[-55.8378,-22.7329],[-55.8321,-22.7343],[-55.829,-22.7292],[-55.8191,-22.7337],[-55.8184,-22.7287],[-55.8145,-22.7318],[-55.8065,-22.7273],[-55.8043,-22.709],[-55.7972,-22.7031],[-55.7987,-22.6951],[-55.7915,-22.6912],[-55.7954,-22.6842],[-55.7899,-22.684],[-55.7817,-22.6702],[-55.7769,-22.671],[-55.7679,-22.6535],[-55.7577,-22.6475],[-55.7476,-22.6521],[-55.7352,-22.6299],[-55.7135,-22.6528],[-55.6556,-22.6055],[-55.6948,-22.5776],[-55.6984,-22.5633],[-55.7235,-22.5518],[-55.7471,-22.5057],[-55.7467,-22.4853],[-55.7528,-22.4748],[-55.7474,-22.4649],[-55.7353,-22.4596],[-55.7381,-22.4532],[-55.7341,-22.4413],[-55.7394,-22.4242],[-55.7372,-22.4111],[-55.7451,-22.4042],[-55.7421,-22.3957],[-55.7469,-22.3844],[-55.7894,-22.3846],[-55.8064,-22.3541],[-55.8244,-22.3409],[-55.8393,-22.2936],[-55.8532,-22.2803],[-55.9018,-22.2852],[-55.9161,-22.2778],[-55.929,-22.2784],[-55.9459,-22.2836],[-55.9494,-22.2931],[-55.9647,-22.2886],[-55.9698,-22.2922],[-55.9837,-22.2786],[-56.0002,-22.284],[-56.0042,-22.2937],[-56.0103,-22.2946],[-56.0125,-22.2863],[-56.0435,-22.283],[-56.048,-22.2773],[-56.0608,-22.2755],[-56.0695,-22.2868],[-56.0827,-22.2821],[-56.0927,-22.2857],[-56.118,-22.2703],[-56.1289,-22.2751],[-56.13,-22.2841],[-56.1395,-22.2857],[-56.134,-22.2943],[-56.0991,-22.3192],[-56.0895,-22.3384],[-56.0863,-22.3508],[-56.0931,-22.4023],[-56.0704,-22.4684],[-56.0777,-22.4798],[-56.1002,-22.4823],[-56.1018,-22.4876],[-56.1383,-22.5141],[-56.1605,-22.5119],[-56.1975,-22.5452],[-56.1944,-22.5603],[-56.1987,-22.5614],[-56.2011,-22.5798],[-56.2135,-22.5821],[-56.2253,-22.5758],[-56.2297,-22.578],[-56.2362,-22.6026],[-56.2426,-22.6091],[-56.24,-22.6161],[-56.246,-22.6218],[-56.2543,-22.6213],[-56.2532,-22.6276],[-56.2615,-22.6325],[-56.2621,-22.6444],[-56.2695,-22.6475],[-56.2632,-22.6497],[-56.2679,-22.6614],[-56.2654,-22.6655],[-56.2776,-22.6707],[-56.2815,-22.6678],[-56.2944,-22.6876],[-56.1304,-23.0429],[-56.1257,-23.0693],[-56.1299,-23.076],[-56.1386,-23.0778],[-56.1359,-23.0884],[-56.1518,-23.0984],[-56.1456,-23.1],[-56.1456,-23.1098],[-56.1391,-23.1118],[-56.1413,-23.1213],[-56.1652,-23.1259],[-56.1746,-23.1174],[-56.1794,-23.1183],[-56.1894,-23.1302],[-56.1819,-23.1605],[-56.1997,-23.1645],[-56.2074,-23.1619],[-56.2026,-23.1735],[-56.2135,-23.1751],[-56.2183,-23.1912],[-56.2128,-23.1922],[-56.2147,-23.2008],[-56.2099,-23.2005],[-56.2041,-23.2156],[-56.1978,-23.2195],[-56.203,-23.2233],[-56.2008,-23.2267],[-56.2133,-23.2221],[-56.2113,-23.231],[-56.2183,-23.235],[-56.2381,-23.2265],[-56.2411,-23.2313],[-56.2356,-23.2343],[-56.2393,-23.2409],[-56.2661,-23.2489],[-56.2644,-23.2552],[-56.2755,-23.2584],[-56.2678,-23.2616],[-56.2711,-23.2732],[-56.2853,-23.2716],[-56.2879,-23.2785],[-56.2814,-23.2825],[-56.2992,-23.2964],[-56.299,-23.3059],[-56.289,-23.3076],[-56.2873,-23.318],[-56.2993,-23.3211],[-56.3016,-23.3266],[-56.3113,-23.327],[-56.3095,-23.3357],[-56.3147,-23.3412]]]]}},{"type":"Feature","properties":{"n":"Zanja Pytá","l":8,"c":[-22.7769,-55.7442]},"geometry":{"type":"MultiPolygon","coordinates":[[[[-55.8579,-22.7623],[-55.8508,-22.7682],[-55.8543,-22.7739],[-55.7968,-22.7755],[-55.8139,-22.7829],[-55.8152,-22.8001],[-55.7935,-22.8108],[-55.7759,-22.8076],[-55.7525,-22.826],[-55.7484,-22.8329],[-55.7522,-22.8521],[-55.765,-22.8712],[-55.7637,-22.8796],[-55.7696,-22.8894],[-55.7526,-22.903],[-55.7197,-22.9088],[-55.6884,-22.9226],[-55.6724,-22.948],[-55.6659,-22.9487],[-55.6612,-22.964],[-55.6729,-22.9871],[-55.6761,-23.0061],[-55.662,-23.0021],[-55.6368,-23.0182],[-55.6288,-22.9984],[-55.6339,-22.9918],[-55.6221,-22.9844],[-55.637,-22.9645],[-55.635,-22.9553],[-55.6474,-22.95],[-55.6442,-22.9422],[-55.6516,-22.9316],[-55.6458,-22.9245],[-55.6506,-22.911],[-55.6497,-22.8907],[-55.6612,-22.8823],[-55.6602,-22.8643],[-55.6658,-22.8524],[-55.6591,-22.8408],[-55.6609,-22.8276],[-55.6536,-22.8169],[-55.6506,-22.7917],[-55.6392,-22.7828],[-55.6353,-22.7703],[-55.6185,-22.7676],[-55.6266,-22.7576],[-55.6127,-22.7391],[-55.6165,-22.7255],[-55.6133,-22.6942],[-55.6092,-22.6896],[-55.6174,-22.6775],[-55.6145,-22.6552],[-55.6226,-22.6508],[-55.6252,-22.6284],[-55.6314,-22.6207],[-55.6556,-22.6055],[-55.7135,-22.6528],[-55.7352,-22.6299],[-55.7461,-22.6509],[-55.7577,-22.6475],[-55.7679,-22.6535],[-55.7769,-22.671],[-55.7817,-22.6702],[-55.7899,-22.684],[-55.7954,-22.6842],[-55.7915,-22.6912],[-55.7987,-22.6951],[-55.7972,-22.7031],[-55.8043,-22.709],[-55.8065,-22.7273],[-55.8145,-22.7318],[-55.8184,-22.7287],[-55.8191,-22.7337],[-55.829,-22.7292],[-55.8321,-22.7343],[-55.8378,-22.7329],[-55.8384,-22.74],[-55.8473,-22.7408],[-55.8579,-22.7623]]]]}},{"type":"Feature","properties":{"n":"Ciudad de Corpus Christi","l":8,"c":[-24.0809,-54.9432]},"geometry":{"type":"MultiPolygon","coordinates":[[[[-54.9486,-24.0815],[-54.938,-24.0937],[-54.9349,-24.0906],[-54.9385,-24.0872],[-54.93,-24.0801],[-54.9386,-24.0719],[-54.9473,-24.0757],[-54.9486,-24.0815]]]]}},{"type":"Feature","properties":{"n":"Encarnación","l":8,"c":[-27.3439,-55.846]},"geometry":{"type":"MultiPolygon","coordinates":[[[[-55.9098,-27.3112],[-55.876,-27.328],[-55.865,-27.3595],[-55.8275,-27.3926],[-55.8234,-27.4103],[-55.8168,-27.4129],[-55.7961,-27.3979],[-55.7983,-27.3825],[-55.8224,-27.3604],[-55.8468,-27.3548],[-55.8469,-27.3476],[-55.8545,-27.3397],[-55.8502,-27.3222],[-55.8279,-27.3316],[-55.8102,-27.3206],[-55.8199,-27.3156],[-55.815,-27.3107],[-55.8289,-27.2993],[-55.8457,-27.2895],[-55.8939,-27.2835],[-55.8933,-27.3003],[-55.9018,-27.3018],[-55.8998,-27.3055],[-55.9098,-27.3112]]]]}},{"type":"Feature","properties":{"n":"San Juan del Paraná","l":8,"c":[-27.2866,-55.9948]},"geometry":{"type":"MultiPolygon","coordinates":[[[[-56.0404,-27.2971],[-56.0189,-27.309],[-56.0165,-27.3168],[-55.9806,-27.3239],[-55.9626,-27.3202],[-55.9585,-27.3061],[-55.9527,-27.3093],[-55.941,-27.304],[-55.9199,-27.3052],[-55.9242,-27.3014],[-55.9209,-27.292],[-55.9336,-27.2922],[-55.9679,-27.2584],[-55.9809,-27.2594],[-56.022,-27.2131],[-56.0238,-27.2213],[-56.0197,-27.2268],[-56.0247,-27.2387],[-56.0253,-27.2762],[-56.0201,-27.28],[-56.0209,-27.2892],[-56.0111,-27.2916],[-56.0404,-27.2971]]]]}},{"type":"Feature","properties":{"n":"Encarnación","l":8,"c":[-27.3199,-55.8578]},"geometry":{"type":"MultiPolygon","coordinates":[[[[-56.0204,-27.214],[-55.9805,-27.2596],[-55.9675,-27.2586],[-55.9328,-27.2926],[-55.9116,-27.294],[-55.899,-27.301],[-55.9097,-27.3114],[-55.8802,-27.3252],[-55.898,-27.3424],[-55.8643,-27.3683],[-55.8539,-27.3923],[-55.8395,-27.407],[-55.8151,-27.4167],[-55.7961,-27.3979],[-55.7977,-27.3831],[-55.8224,-27.3604],[-55.8468,-27.3548],[-55.8549,-27.3369],[-55.8502,-27.3222],[-55.8279,-27.3316],[-55.8102,-27.3206],[-55.8192,-27.3125],[-55.8025,-27.3014],[-55.7982,-27.2904],[-55.8067,-27.2399],[-55.9258,-27.1347],[-55.9496,-27.151],[-55.961,-27.1727],[-55.974,-27.1727],[-56.0204,-27.214]]]]}},{"type":"Feature","properties":{"n":"Cambyretá","l":8,"c":[-27.3539,-55.7944]},"geometry":{"type":"MultiPolygon","coordinates":[[[[-55.8549,-27.3369],[-55.8468,-27.3548],[-55.8224,-27.3604],[-55.7977,-27.3831],[-55.7958,-27.3975],[-55.8151,-27.4167],[-55.787,-27.4403],[-55.7767,-27.4437],[-55.7324,-27.4427],[-55.7183,-27.4269],[-55.7119,-27.4095],[-55.688,-27.3832],[-55.6748,-27.3732],[-55.6614,-27.3703],[-55.8067,-27.2399],[-55.7982,-27.2904],[-55.8025,-27.3014],[-55.8192,-27.3125],[-55.8102,-27.3206],[-55.8279,-27.3316],[-55.8502,-27.3222],[-55.8549,-27.3369]]]]}},{"type":"Feature","properties":{"n":"Carmen del Paraná","l":8,"c":[-27.1845,-56.1135]},"geometry":{"type":"MultiPolygon","coordinates":[[[[-56.1801,-27.2257],[-56.1351,-27.2296],[-56.1295,-27.2367],[-56.1303,-27.2507],[-56.1144,-27.2531],[-56.1044,-27.2648],[-56.097,-27.2618],[-56.0984,-27.2547],[-56.0921,-27.2565],[-56.0908,-27.248],[-56.0852,-27.2471],[-56.0855,-27.2535],[-56.0798,-27.2564],[-56.0859,-27.2661],[-56.084,-27.2714],[-56.0658,-27.2847],[-56.0626,-27.2805],[-56.0445,-27.2883],[-56.0382,-27.2824],[-56.0327,-27.2843],[-56.0373,-27.2814],[-56.0351,-27.2688],[-56.0394,-27.2597],[-56.0233,-27.2432],[-56.0197,-27.2268],[-56.0225,-27.2134],[-55.9781,-27.1771],[-56.1187,-27.0539],[-56.1293,-27.0658],[-56.1292,-27.1061],[-56.1512,-27.1292],[-56.1471,-27.1384],[-56.157,-27.1431],[-56.1583,-27.1485],[-56.161,-27.1453],[-56.1721,-27.1497],[-56.1718,-27.1722],[-56.1669,-27.1744],[-56.1646,-27.1662],[-56.1678,-27.1649],[-56.1626,-27.162],[-56.1572,-27.1654],[-56.1635,-27.173],[-56.1512,-27.1702],[-56.1449,-27.1756],[-56.1586,-27.1949],[-56.1498,-27.2137],[-56.1547,-27.213],[-56.1512,-27.2159],[-56.1616,-27.2224],[-56.1801,-27.2257]]]]}},{"type":"Feature","properties":{"n":"Nueva Alborada","l":8,"c":[-27.2272,-55.6504]},"geometry":{"type":"MultiPolygon","coordinates":[[[[-55.7457,-27.2426],[-55.6883,-27.2938],[-55.7171,-27.3195],[-55.6614,-27.3703],[-55.6424,-27.3638],[-55.5989,-27.3361],[-55.591,-27.3185],[-55.6006,-27.2787],[-55.5809,-27.2629],[-55.577,-27.2444],[-55.6202,-27.2048],[-55.6131,-27.1664],[-55.6212,-27.1604],[-55.6156,-27.152],[-55.6208,-27.142],[-55.6264,-27.1532],[-55.6533,-27.1627],[-55.6745,-27.181],[-55.6923,-27.1798],[-55.6969,-27.1837],[-55.6915,-27.1886],[-55.7057,-27.2015],[-55.6994,-27.2069],[-55.7457,-27.2426]]]]}},{"type":"Feature","properties":{"n":"Capitán Miranda","l":8,"c":[-27.1759,-55.8533]},"geometry":{"type":"MultiPolygon","coordinates":[[[[-55.9274,-27.1324],[-55.8222,-27.2264],[-55.8268,-27.24],[-55.8197,-27.2439],[-55.8184,-27.2672],[-55.8108,-27.2613],[-55.8028,-27.2679],[-55.7967,-27.2487],[-55.7171,-27.3195],[-55.6883,-27.2938],[-55.7457,-27.2426],[-55.717,-27.2167],[-55.8738,-27.0757],[-55.884,-27.0785],[-55.8881,-27.0914],[-55.9068,-27.0937],[-55.9173,-27.1037],[-55.9225,-27.1134],[-55.9209,-27.1259],[-55.9274,-27.1324]]]]}},{"type":"Feature","properties":{"n":"Fram","l":8,"c":[-27.018,-56.0492]},"geometry":{"type":"MultiPolygon","coordinates":[[[[-56.1205,-27.0233],[-56.1146,-27.048],[-56.1179,-27.0541],[-55.9781,-27.1771],[-55.9739,-27.1727],[-55.961,-27.1727],[-55.9496,-27.151],[-55.9258,-27.1347],[-55.9208,-27.1257],[-55.9224,-27.1128],[-55.9077,-27.0944],[-55.8854,-27.0894],[-55.8891,-27.0777],[-55.9869,-26.9897],[-55.997,-26.9901],[-56.0025,-26.9955],[-56.006,-26.9882],[-56.0157,-26.9882],[-56.023,-26.9785],[-56.0356,-26.9788],[-56.0424,-26.9734],[-56.0586,-26.9793],[-56.0647,-26.9768],[-56.0858,-27.0029],[-56.0969,-27.0082],[-56.0983,-27.0038],[-56.1063,-27.0038],[-56.1106,-27.0103],[-56.119,-27.0123],[-56.1166,-27.0178],[-56.1205,-27.0233]]]]}},{"type":"Feature","properties":{"n":"Arquitecto Tomás Romero Pereira","l":8,"c":[-26.523,-55.251]},"geometry":{"type":"MultiPolygon","coordinates":[[[[-55.5131,-26.3139],[-55.5071,-26.32],[-55.4982,-26.3501],[-55.5066,-26.3568],[-55.4821,-26.3879],[-55.3877,-26.4859],[-55.3797,-26.5026],[-55.3566,-26.503],[-55.36,-26.5057],[-55.3563,-26.5096],[-55.3624,-26.5106],[-55.3573,-26.5186],[-55.3505,-26.512],[-55.3384,-26.5118],[-55.3386,-26.5224],[-55.3452,-26.5236],[-55.3467,-26.5305],[-55.3375,-26.528],[-55.3275,-26.5341],[-55.3279,-26.5262],[-55.3221,-26.5247],[-55.3194,-26.5341],[-55.324,-26.5343],[-55.3262,-26.5418],[-55.3209,-26.539],[-55.3092,-26.5455],[-55.3105,-26.5601],[-55.3145,-26.5583],[-55.3184,-26.5631],[-55.3074,-26.5663],[-55.315,-26.5725],[-55.3071,-26.5743],[-55.3001,-26.5677],[-55.2998,-26.5855],[-55.2834,-26.5927],[-55.2849,-26.6019],[-55.2753,-26.6038],[-55.2759,-26.6079],[-55.2619,-26.6161],[-55.2641,-26.62],[-55.2587,-26.6168],[-55.2567,-26.623],[-55.2369,-26.623],[-55.1911,-26.5839],[-55.1885,-26.576],[-55.172,-26.5839],[-55.1666,-26.5761],[-55.1444,-26.5765],[-55.1501,-26.585],[-55.1463,-26.5868],[-55.1342,-26.5763],[-55.1327,-26.582],[-55.1246,-26.5843],[-55.121,-26.5797],[-55.1138,-26.5844],[-55.1117,-26.5793],[-55.115,-26.5787],[-55.1012,-26.5702],[-55.0976,-26.578],[-55.0895,-26.5737],[-55.0924,-26.5624],[-55.1053,-26.5583],[-55.1042,-26.5508],[-55.099,-26.5551],[-55.0923,-26.5496],[-55.1004,-26.5477],[-55.0947,-26.5456],[-55.0953,-26.5384],[-55.1047,-26.5312],[-55.1013,-26.5267],[-55.0964,-26.5292],[-55.0837,-26.5144],[-55.0886,-26.5103],[-55.1067,-26.5172],[-55.0905,-26.5002],[-55.1014,-26.5062],[-55.1081,-26.4967],[-55.1112,-26.4783],[-55.1162,-26.4836],[-55.1148,-26.5056],[-55.1245,-26.497],[-55.1388,-26.5022],[-55.1309,-26.4887],[-55.1442,-26.4874],[-55.1499,-26.4748],[-55.137,-26.478],[-55.1396,-26.4724],[-55.1352,-26.4705],[-55.1424,-26.4669],[-55.1455,-26.4586],[-55.1543,-26.4588],[-55.1424,-26.4515],[-55.1437,-26.4459],[-55.1637,-26.4393],[-55.1728,-26.444],[-55.1766,-26.4399],[-55.1726,-26.4336],[-55.1772,-26.4306],[-55.1789,-26.4351],[-55.1898,-26.4349],[-55.1856,-26.4328],[-55.1865,-26.4226],[-55.194,-26.4245],[-55.1925,-26.4288],[-55.1999,-26.4225],[-55.2016,-26.4127],[-55.224,-26.4128],[-55.2231,-26.4166],[-55.2314,-26.4176],[-55.2291,-26.4126],[-55.2364,-26.4034],[-55.2401,-26.4065],[-55.2494,-26.3963],[-55.2591,-26.4084],[-55.2596,-26.3967],[-55.2684,-26.3983],[-55.2683,-26.3906],[-55.2793,-26.3824],[-55.2952,-26.3792],[-55.2845,-26.3769],[-55.2917,-26.3648],[-55.2993,-26.364],[-55.2985,-26.3732],[-55.3074,-26.3694],[-55.3188,-26.3723],[-55.3187,-26.3815],[-55.3264,-26.3852],[-55.3342,-26.3735],[-55.3469,-26.3792],[-55.3507,-26.3742],[-55.3581,-26.3783],[-55.3586,-26.3718],[-55.3665,-26.3714],[-55.3663,-26.3636],[-55.385,-26.3607],[-55.3885,-26.3524],[-55.406,-26.3565],[-55.4054,-26.366],[-55.408,-26.361],[-55.4197,-26.3612],[-55.4483,-26.3244],[-55.4551,-26.325],[-55.4625,-26.3179],[-55.4984,-26.3072],[-55.5072,-26.3079],[-55.5131,-26.3139]]]]}},{"type":"Feature","properties":{"n":"Karapaí","l":8,"c":[-23.5254,-56.0139]},"geometry":{"type":"MultiPolygon","coordinates":[[[[-56.1684,-23.4561],[-56.1665,-23.4702],[-56.1353,-23.512],[-56.1438,-23.5335],[-56.1413,-23.5472],[-56.1362,-23.565],[-56.132,-23.5646],[-56.111,-23.5921],[-56.1141,-23.606],[-56.0968,-23.6011],[-56.0748,-23.6079],[-56.0608,-23.6042],[-56.0485,-23.5907],[-56.0489,-23.5757],[-56.0011,-23.6232],[-55.9829,-23.6667],[-55.9499,-23.6527],[-55.9522,-23.6427],[-55.9453,-23.6357],[-55.9367,-23.635],[-55.9312,-23.6212],[-55.9359,-23.6073],[-55.9294,-23.6],[-55.9318,-23.5897],[-55.9254,-23.581],[-55.9332,-23.5755],[-55.9314,-23.5478],[-55.9213,-23.5394],[-55.9037,-23.4996],[-55.9172,-23.4847],[-55.9169,-23.4756],[-55.8949,-23.4158],[-55.895,-23.4061],[-55.902,-23.399],[-55.8992,-23.3922],[-56.0302,-23.3805],[-56.0293,-23.4022],[-56.0541,-23.3819],[-56.0556,-23.3706],[-56.0691,-23.3475],[-56.0666,-23.3131],[-56.0816,-23.3159],[-56.0939,-23.3246],[-56.0939,-23.333],[-56.1087,-23.3369],[-56.1133,-23.3328],[-56.1127,-23.3253],[-56.1258,-23.3275],[-56.1305,-23.3147],[-56.139,-23.3141],[-56.1422,-23.319],[-56.1512,-23.3104],[-56.152,-23.3165],[-56.158,-23.3144],[-56.1636,-23.3258],[-56.1646,-23.3526],[-56.1563,-23.3852],[-56.1543,-23.4238],[-56.1684,-23.4561]]]]}},{"type":"Feature","properties":{"n":"Buena Vista","l":8,"c":[-26.1876,-56.083]},"geometry":{"type":"MultiPolygon","coordinates":[[[[-56.0925,-26.1935],[-56.0917,-26.1982],[-56.0745,-26.1937],[-56.0812,-26.1899],[-56.0756,-26.1849],[-56.082,-26.174],[-56.0921,-26.1751],[-56.0873,-26.1767],[-56.0854,-26.1843],[-56.0894,-26.1861],[-56.0847,-26.19],[-56.0925,-26.1935]]]]}},{"type":"Feature","properties":{"n":"Cambyretá","l":8,"c":[-27.3482,-55.814]},"geometry":{"type":"MultiPolygon","coordinates":[[[[-55.8549,-27.3369],[-55.8468,-27.3548],[-55.8224,-27.3604],[-55.8134,-27.3705],[-55.778,-27.3709],[-55.7526,-27.3598],[-55.7567,-27.3514],[-55.7745,-27.3548],[-55.8009,-27.3448],[-55.8192,-27.3263],[-55.8321,-27.3314],[-55.8502,-27.3222],[-55.8549,-27.3369]]]]}},{"type":"Feature","properties":{"n":"Trinidad","l":8,"c":[-27.1151,-55.7081]},"geometry":{"type":"MultiPolygon","coordinates":[[[[-55.8407,-27.1058],[-55.7133,-27.2199],[-55.6994,-27.2069],[-55.7057,-27.2015],[-55.6915,-27.1886],[-55.6969,-27.1837],[-55.6906,-27.1791],[-55.6745,-27.181],[-55.6533,-27.1627],[-55.6264,-27.1532],[-55.6208,-27.142],[-55.6212,-27.1369],[-55.6746,-27.0929],[-55.6798,-27.099],[-55.6858,-27.091],[-55.7002,-27.0955],[-55.6997,-27.1025],[-55.6932,-27.1047],[-55.6895,-27.0993],[-55.6841,-27.1034],[-55.6879,-27.106],[-55.6834,-27.1117],[-55.6918,-27.1098],[-55.6987,-27.1138],[-55.6996,-27.105],[-55.7161,-27.1047],[-55.7157,-27.1086],[-55.722,-27.1088],[-55.7266,-27.0951],[-55.7221,-27.0892],[-55.7319,-27.0726],[-55.7489,-27.0712],[-55.7568,-27.0839],[-55.7711,-27.071],[-55.7875,-27.0797],[-55.7984,-27.0701],[-55.8407,-27.1058]]]]}},{"type":"Feature","properties":{"n":"Jesús de Tavarangüé","l":8,"c":[-27.0706,-55.7204]},"geometry":{"type":"MultiPolygon","coordinates":[[[[-55.8792,-27.0722],[-55.8406,-27.1061],[-55.7984,-27.0701],[-55.7875,-27.0797],[-55.7711,-27.071],[-55.7568,-27.0839],[-55.7489,-27.0712],[-55.7317,-27.0726],[-55.7221,-27.0892],[-55.7266,-27.0951],[-55.7236,-27.1073],[-55.6996,-27.105],[-55.6985,-27.1138],[-55.683,-27.1103],[-55.6892,-27.0993],[-55.6932,-27.1047],[-55.6998,-27.1024],[-55.7001,-27.0954],[-55.6858,-27.091],[-55.6797,-27.099],[-55.6733,-27.0893],[-55.6835,-27.0855],[-55.6783,-27.0799],[-55.6711,-27.0853],[-55.6657,-27.076],[-55.6758,-27.0762],[-55.6823,-27.0668],[-55.6861,-27.0674],[-55.6857,-27.077],[-55.6922,-27.0777],[-55.6881,-27.0726],[-55.6924,-27.0702],[-55.6995,-27.0734],[-55.7016,-27.0663],[-55.6917,-27.0651],[-55.6901,-27.0608],[-55.6841,-27.0648],[-55.6824,-27.0576],[-55.6768,-27.0573],[-55.6824,-27.048],[-55.6987,-27.0535],[-55.6943,-27.0486],[-55.7055,-27.0454],[-55.6949,-27.0434],[-55.7032,-27.0393],[-55.6998,-27.0354],[-55.7046,-27.0346],[-55.7027,-27.0234],[-55.7129,-27.0218],[-55.7152,-27.0132],[-55.7357,-27.0087],[-55.7454,-27.0236],[-55.7477,-27.0107],[-55.767,-27.0126],[-55.7865,-26.9921],[-55.812,-27.0188],[-55.8229,-27.0115],[-55.8551,-27.045],[-55.8559,-27.0508],[-55.8753,-27.0567],[-55.8792,-27.0722]]]]}},{"type":"Feature","properties":{"n":"Mayor Julio Otaño","l":8,"c":[-26.2255,-54.7997]},"geometry":{"type":"MultiPolygon","coordinates":[[[[-54.9197,-26.2018],[-54.9029,-26.2073],[-54.9171,-26.212],[-54.9084,-26.2202],[-54.9127,-26.2215],[-54.7499,-26.3693],[-54.7433,-26.3744],[-54.739,-26.3703],[-54.6969,-26.4046],[-54.6967,-26.3777],[-54.6488,-26.3118],[-54.663,-26.2864],[-54.6794,-26.2723],[-54.6725,-26.2544],[-54.6787,-26.2396],[-54.6929,-26.228],[-54.7056,-26.2292],[-54.6998,-26.2383],[-54.6992,-26.2559],[-54.7135,-26.2359],[-54.7224,-26.2484],[-54.7191,-26.2547],[-54.724,-26.2566],[-54.7408,-26.2347],[-54.7442,-26.2506],[-54.7531,-26.2405],[-54.7628,-26.2494],[-54.7623,-26.2345],[-54.7696,-26.2341],[-54.7736,-26.2399],[-54.7841,-26.2296],[-54.7794,-26.224],[-54.7859,-26.2187],[-54.7826,-26.2078],[-54.793,-26.206],[-54.8041,-26.1929],[-54.8128,-26.1953],[-54.8134,-26.1894],[-54.8175,-26.1934],[-54.8084,-26.2078],[-54.8254,-26.2116],[-54.8271,-26.2065],[-54.82,-26.2035],[-54.836,-26.2033],[-54.8294,-26.1953],[-54.84,-26.1882],[-54.8368,-26.1807],[-54.8407,-26.179],[-54.8438,-26.1881],[-54.8554,-26.1887],[-54.8567,-26.181],[-54.8746,-26.1742],[-54.8708,-26.1904],[-54.8838,-26.1954],[-54.8935,-26.1924],[-54.8914,-26.1954],[-54.8986,-26.1997],[-54.9088,-26.1805],[-54.9172,-26.1906],[-54.9109,-26.1953],[-54.9197,-26.2018]]]]}},{"type":"Feature","properties":{"n":"Santa Rosa de Lima","l":8,"c":[-26.8906,-56.8526]},"geometry":{"type":"MultiPolygon","coordinates":[[[[-56.8649,-26.8799],[-56.8579,-26.9007],[-56.8386,-26.8907],[-56.8408,-26.8771],[-56.8649,-26.8799]]]]}},{"type":"Feature","properties":{"n":"Cerrito","l":8,"c":[-27.3368,-57.6404]},"geometry":{"type":"MultiPolygon","coordinates":[[[[-57.651,-27.3374],[-57.6439,-27.347],[-57.6356,-27.3461],[-57.6373,-27.338],[-57.6241,-27.3292],[-57.6364,-27.328],[-57.6382,-27.3213],[-57.6438,-27.3214],[-57.6409,-27.3333],[-57.651,-27.3374]]]]}},{"type":"Feature","properties":{"n":"La Paz","l":8,"c":[-26.9628,-55.9686]},"geometry":{"type":"MultiPolygon","coordinates":[[[[-56.0247,-26.9779],[-56.0157,-26.9882],[-56.006,-26.9882],[-55.9972,-26.9989],[-55.9869,-26.9897],[-55.8856,-27.0816],[-55.8784,-27.0755],[-55.8754,-27.0568],[-55.8559,-27.0508],[-55.8551,-27.045],[-55.8009,-26.9885],[-55.7918,-26.9681],[-55.8759,-26.8915],[-55.8858,-26.8913],[-55.9026,-26.8985],[-55.91,-26.907],[-55.9395,-26.9072],[-55.9446,-26.9174],[-55.9586,-26.9227],[-55.9548,-26.934],[-55.9591,-26.9457],[-55.9964,-26.9555],[-56.0005,-26.9654],[-56.0117,-26.9658],[-56.0247,-26.9779]]]]}},{"type":"Feature","properties":{"n":"Hohenau","l":8,"c":[-27.0512,-55.6984]},"geometry":{"type":"MultiPolygon","coordinates":[[[[-55.8885,-26.88],[-55.7918,-26.9681],[-55.8009,-26.9885],[-55.8229,-27.0115],[-55.812,-27.0188],[-55.7865,-26.9921],[-55.767,-27.0126],[-55.7477,-27.0107],[-55.7454,-27.0236],[-55.7357,-27.0087],[-55.7152,-27.0132],[-55.7129,-27.0218],[-55.7027,-27.0234],[-55.7046,-27.0346],[-55.6998,-27.0354],[-55.7032,-27.0393],[-55.6949,-27.0434],[-55.7055,-27.0454],[-55.6943,-27.0486],[-55.6987,-27.0535],[-55.6824,-27.048],[-55.6768,-27.0573],[-55.6824,-27.0576],[-55.6841,-27.0648],[-55.6901,-27.0608],[-55.6917,-27.0651],[-55.7016,-27.0663],[-55.6996,-27.0732],[-55.6924,-27.0702],[-55.6881,-27.0726],[-55.6922,-27.0777],[-55.6857,-27.077],[-55.6838,-27.0668],[-55.6758,-27.0762],[-55.6659,-27.0741],[-55.6711,-27.0853],[-55.6783,-27.0799],[-55.6835,-27.0867],[-55.6737,-27.0883],[-55.6746,-27.0929],[-55.6212,-27.1369],[-55.6156,-27.152],[-55.6208,-27.1611],[-55.6131,-27.1664],[-55.5969,-27.1589],[-55.5745,-27.1674],[-55.5623,-27.1595],[-55.5652,-27.1256],[-55.859,-26.8604],[-55.8885,-26.88]]]]}},{"type":"Feature","properties":{"n":"San Pedro del Paraná","l":8,"c":[-26.7956,-56.0573]},"geometry":{"type":"MultiPolygon","coordinates":[[[[-56.2516,-26.7931],[-56.2384,-26.8088],[-56.2262,-26.897],[-56.1973,-26.9081],[-56.1893,-26.9209],[-56.1596,-26.9377],[-56.1548,-26.9463],[-56.1373,-26.9536],[-56.132,-26.967],[-56.1395,-26.9772],[-56.1404,-26.9883],[-56.135,-26.9973],[-56.1189,-27.0055],[-56.1163,-27.0134],[-56.1063,-27.0038],[-56.0983,-27.0038],[-56.0969,-27.0082],[-56.0858,-27.0029],[-56.0647,-26.9768],[-56.0586,-26.9793],[-56.0424,-26.9734],[-56.0255,-26.9798],[-56.0147,-26.9674],[-56.0005,-26.9654],[-55.9964,-26.9555],[-55.9591,-26.9457],[-55.9548,-26.934],[-55.9586,-26.9227],[-55.9446,-26.9174],[-55.9395,-26.9072],[-55.91,-26.907],[-55.8885,-26.8918],[-55.8773,-26.893],[-55.8885,-26.88],[-55.859,-26.8604],[-55.8532,-26.8414],[-55.8685,-26.8253],[-55.8664,-26.8207],[-55.8851,-26.812],[-55.8861,-26.8067],[-55.8763,-26.7932],[-55.882,-26.7891],[-55.8795,-26.7801],[-55.8884,-26.7679],[-55.8988,-26.7358],[-55.9072,-26.7262],[-55.9193,-26.7301],[-55.9267,-26.726],[-55.9243,-26.7217],[-55.9106,-26.7233],[-55.9029,-26.7157],[-55.8826,-26.7124],[-55.8806,-26.6947],[-55.8717,-26.6881],[-55.872,-26.6831],[-55.9018,-26.6709],[-55.9087,-26.6572],[-55.935,-26.6446],[-55.9737,-26.6151],[-56.0307,-26.5472],[-56.0484,-26.5393],[-56.0458,-26.5339],[-56.0507,-26.5341],[-56.0559,-26.5235],[-56.1006,-26.5548],[-56.1001,-26.5615],[-56.1071,-26.5621],[-56.105,-26.5663],[-56.115,-26.5809],[-56.114,-26.5893],[-56.1226,-26.5963],[-56.1161,-26.6107],[-56.1171,-26.6269],[-56.1251,-26.6286],[-56.1254,-26.6335],[-56.1441,-26.6326],[-56.1454,-26.6385],[-56.1548,-26.6373],[-56.1586,-26.6553],[-56.1629,-26.6591],[-56.1685,-26.6568],[-56.1724,-26.6595],[-56.1691,-26.6617],[-56.1813,-26.6671],[-56.1783,-26.6754],[-56.1857,-26.6837],[-56.1795,-26.6964],[-56.1742,-26.6977],[-56.1784,-26.7038],[-56.1671,-26.7114],[-56.1701,-26.7165],[-56.1632,-26.7255],[-56.1635,-26.7363],[-56.1484,-26.7476],[-56.1938,-26.7501],[-56.2145,-26.7812],[-56.2516,-26.7931]]]]}},{"type":"Feature","properties":{"n":"José Leandro Oviedo","l":8,"c":[-26.713,-56.2184]},"geometry":{"type":"MultiPolygon","coordinates":[[[[-56.3156,-26.7289],[-56.2516,-26.7931],[-56.2145,-26.7812],[-56.1938,-26.7501],[-56.1484,-26.7476],[-56.1635,-26.7363],[-56.1714,-26.705],[-56.1919,-26.7117],[-56.2068,-26.7014],[-56.2126,-26.7032],[-56.2155,-26.6976],[-56.2236,-26.7053],[-56.2409,-26.6939],[-56.247,-26.6955],[-56.2439,-26.6994],[-56.2498,-26.7026],[-56.2646,-26.699],[-56.2704,-26.7136],[-56.2756,-26.7091],[-56.2845,-26.7188],[-56.2956,-26.7173],[-56.2964,-26.7214],[-56.3076,-26.7231],[-56.3074,-26.7288],[-56.3156,-26.7289]]]]}},{"type":"Feature","properties":{"n":"Pirapó","l":8,"c":[-26.939,-55.4319]},"geometry":{"type":"MultiPolygon","coordinates":[[[[-55.7511,-26.767],[-55.5094,-26.9836],[-55.4863,-26.9734],[-55.4715,-26.9463],[-55.4608,-26.9503],[-55.4502,-26.9632],[-55.4453,-26.9529],[-55.4378,-26.9556],[-55.4268,-26.9645],[-55.4312,-26.9769],[-55.4121,-26.9876],[-55.3759,-26.9652],[-55.3041,-26.9628],[-55.2717,-26.9409],[-55.3672,-26.8548],[-55.3491,-26.8389],[-55.3721,-26.818],[-55.3901,-26.8338],[-55.407,-26.8183],[-55.3892,-26.8027],[-55.5489,-26.6592],[-55.7511,-26.767]]]]}},{"type":"Feature","properties":{"n":"San Juan Bautista","l":8,"c":[-26.6674,-57.1423]},"geometry":{"type":"MultiPolygon","coordinates":[[[[-57.1596,-26.6677],[-57.148,-26.676],[-57.1479,-26.6825],[-57.1404,-26.6739],[-57.1302,-26.6754],[-57.1234,-26.6671],[-57.1326,-26.6616],[-57.1343,-26.6656],[-57.139,-26.6642],[-57.1415,-26.6536],[-57.1451,-26.6628],[-57.151,-26.659],[-57.1596,-26.6677]]]]}},{"type":"Feature","properties":{"n":"Ciudad de Arroyo Pora-Sub Urbano","l":8,"c":[-25.6469,-56.9882]},"geometry":{"type":"MultiPolygon","coordinates":[[[[-56.9957,-25.6506],[-56.9849,-25.653],[-56.9823,-25.6416],[-56.9908,-25.6424],[-56.9957,-25.6506]]]]}},{"type":"Feature","properties":{"n":"Nueva Asunción","l":8,"c":[-25.2437,-57.6718]},"geometry":{"type":"MultiPolygon","coordinates":[[[[-57.7082,-25.264],[-57.7049,-25.2643],[-57.7044,-25.2753],[-57.69,-25.285],[-57.6782,-25.2744],[-57.669,-25.281],[-57.6293,-25.2557],[-57.5939,-25.2412],[-57.5468,-25.1841],[-57.5658,-25.1716],[-57.5963,-25.1873],[-57.6267,-25.1917],[-57.6499,-25.2053],[-57.6622,-25.2244],[-57.6711,-25.2297],[-57.6688,-25.2344],[-57.675,-25.2387],[-57.6714,-25.2417],[-57.6762,-25.2426],[-57.6741,-25.2454],[-57.6825,-25.2436],[-57.6814,-25.2472],[-57.6872,-25.2484],[-57.6892,-25.2445],[-57.7082,-25.264]]]]}},{"type":"Feature","properties":{"n":"Santa Rosa de Lima","l":8,"c":[-26.8653,-56.7789]},"geometry":{"type":"MultiPolygon","coordinates":[[[[-56.988,-27.0013],[-56.9582,-27.0701],[-56.9546,-27.0977],[-56.9618,-27.1634],[-56.9666,-27.1735],[-56.9145,-27.1725],[-56.9203,-27.1689],[-56.9213,-27.1611],[-56.9148,-27.1286],[-56.9018,-27.1083],[-56.8999,-27.0955],[-56.9058,-27.0889],[-56.8944,-27.074],[-56.8922,-27.033],[-56.8576,-27.0037],[-56.8491,-26.9853],[-56.8364,-26.9814],[-56.8344,-26.9695],[-56.8297,-26.968],[-56.8429,-26.9548],[-56.8332,-26.9374],[-56.8238,-26.9449],[-56.7919,-26.9479],[-56.7545,-26.9669],[-56.7405,-26.966],[-56.7274,-26.9581],[-56.7083,-26.9588],[-56.7039,-26.9658],[-56.7006,-26.9555],[-56.6891,-26.9457],[-56.6757,-26.9428],[-56.647,-26.9245],[-56.658,-26.7259],[-56.6621,-26.719],[-56.6551,-26.7197],[-56.6556,-26.7063],[-56.6498,-26.7084],[-56.6477,-26.697],[-56.6528,-26.686],[-56.6465,-26.687],[-56.6448,-26.6784],[-56.6372,-26.6815],[-56.6365,-26.6671],[-56.658,-26.6619],[-56.6551,-26.67],[-56.6645,-26.6706],[-56.6643,-26.6639],[-56.6702,-26.6613],[-56.666,-26.6576],[-56.675,-26.653],[-56.6767,-26.6573],[-56.6808,-26.6525],[-56.693,-26.653],[-56.6978,-26.6585],[-56.704,-26.6531],[-56.7023,-26.6472],[-56.7084,-26.6524],[-56.7254,-26.6384],[-56.732,-26.6393],[-56.7272,-26.6287],[-56.7325,-26.6254],[-56.7395,-26.629],[-56.739,-26.6226],[-56.7536,-26.6287],[-56.7531,-26.6358],[-56.7668,-26.6306],[-56.7632,-26.6363],[-56.7665,-26.6357],[-56.78,-26.7018],[-56.8068,-26.7476],[-56.8378,-26.8263],[-56.8433,-26.8288],[-56.8452,-26.8366],[-56.8563,-26.8342],[-56.8891,-26.8412],[-56.9127,-26.8385],[-56.9157,-26.842],[-56.9073,-26.8598],[-56.9081,-26.8677],[-56.9161,-26.8683],[-56.9177,-26.8916],[-56.9247,-26.8954],[-56.9373,-26.9191],[-56.916,-26.9341],[-56.9235,-26.952],[-56.988,-27.0013]]]]}}]}